texto,fonte,source_url,veredito,data,image_url,tags
ELEIГғвҖЎГғЖ’O SEM INTERNET: LULA PEDE AO TSE PARA PROIBIR VГғВҚDEOS DURANTE ELEIГғвҖЎГғвҖўES,AFP CHECAMOS,HTTPS://CHECAMOS.AFP.COM/DOC.AFP.COM.A7BG6T4,FALSO,2026-04-09 07:00:00,HTTPS://ENCRYPTED-TBN2.GSTATIC.COM/IMAGES?Q=TBN:AND9GCR8FGPCTDWFOGH9OESY9M7XI0IEV6YCJ_SCMHOTHGTPXW5EJL5M,"['Luiz InГғВЎcio Lula da Silva', 'Tribunal Superior Eleitoral', 'EleiГғВ§ГғВЈo', 'Internet', 'VГғВӯdeo']"
ГғВҒUDIO GRAMPEADO DE LULA EXIGE PRISГғЖ’O E INELEGIBILIDADE DE FLГғВҒVIO BOLSONARO ANTES DAS ELEIГғвҖЎГғвҖўES,ESTADГғЖ’O,HTTPS://WWW.ESTADAO.COM.BR/ESTADAO-VERIFICA/AUDIO-FALSO-LULA-PRISAO-FLAVIO-BOLSONARO-ELEICOES/,FALSO,2026-03-25 07:00:00,HTTPS://ENCRYPTED-TBN3.GSTATIC.COM/IMAGES?Q=TBN:AND9GCRUDO7TX7UFOS7RTGSRYKAK0AYPKS3WFTM430LUOBF5G8IQ-ZTT,"['FlГғВЎvio Bolsonaro', 'Luiz InГғВЎcio Lula da Silva', 'Inelegibilidade', 'EleiГғВ§ГғВЈo', 'PrisГғВЈo']"
2022: MINISTROS DO TSE CONSIDERAM CRIME DIMINUIR PREГғвҖЎO DE COMBUSTГғВҚVEL EM ANO ELEITORAL. 2026: ENTENDA O PACOTE DE LULA PARA REDUZIR O PREГғвҖЎO DO DIESEL,UOL NOTГғВҚCIAS,HTTPS://NOTICIAS.UOL.COM.BR/CONFERE/ULTIMAS-NOTICIAS/2026/03/20/TSE-NAO-DECIDIU-QUE-REDUZIR-COMBUSTIVEL-EM-ANO-ELEITORAL-E-CRIME.GHTM,FALSO,2026-03-20 07:00:00,HTTPS://ENCRYPTED-TBN0.GSTATIC.COM/IMAGES?Q=TBN:AND9GCRB87IVWN8DNVUAC4Z5Q2XTKGFPD7MADTRD08JEELQJGUQSNB0T,"['Crime', 'CombustГғВӯvel', 'EleiГғВ§ГғВЈo', 'Ministro do Tribunal Superior Eleitoral do Brasil', 'Ministro', 'Luiz InГғВЎcio Lula da Silva', '2022', 'Diesel', 'PreГғВ§o', '2026']"
FLГғВҒVIO BOLSONARO DIZ QUE SE FOR ELEITO CRIARГғВҒ UMA LEI DE REDUГғвҖЎГғЖ’O DE SALГғВҒRIO,AFP CHECAMOS,HTTPS://CHECAMOS.AFP.COM/DOC.AFP.COM.A3YK4CQ,FALSO,2026-03-19 07:00:00,HTTPS://ENCRYPTED-TBN1.GSTATIC.COM/IMAGES?Q=TBN:AND9GCQVGNHXSWMK_QBL4L-QVHALXUQKJSPW-W66JQPSDXPUK2QBOGUE,"['FlГғВЎvio Bolsonaro', 'SalГғВЎrio', 'EleiГғВ§ГғВЈo', 'Lei']"
LULA LADRГғЖ’O SEU LUGAR ГғвҖ° NA PRISГғЖ’O EM PLENA PROPAGANDA ELEITORAL NA MARQUГғЕ S DE SAPUCAГғВҚ,BOL - UOL,HTTPS://WWW.BOL.UOL.COM.BR/NOTICIAS/2026/02/19/FALSO-VIDEO-LULA-VAIADO-SAPUCAI.HTM,FALSO,2026-02-19 08:00:00,HTTPS://ENCRYPTED-TBN2.GSTATIC.COM/IMAGES?Q=TBN:AND9GCQ4BBJH1E0H5LEX-D1NL2AV8DRHTB-LIO2D__OS83ZF_PNOTEHN,"['SambГғВіdromo MarquГғВӘs de SapucaГғВӯ', 'Luiz InГғВЎcio Lula da Silva', 'EleiГғВ§ГғВЈo', 'Campanha eleitoral', 'Propaganda', 'PrisГғВЈo']"
"JUDICIГғВҒRIO BRASILEIRO ГғвҖ° ELEITO O SEGUNDO MAIS CORRUPTO E INJUSTO DO MUNDO, SEGUNDO RANKING GLOBAL",BOL - UOL,HTTPS://WWW.BOL.UOL.COM.BR/NOTICIAS/2026/01/27/ENGANOSO-JUDICIARIO-BRASILEIRO-SEGUNDO-MAIS-CORRUPTO-DO-MUNDO.HTM,FALSO,2026-01-27 08:00:00,HTTPS://ENCRYPTED-TBN2.GSTATIC.COM/IMAGES?Q=TBN:AND9GCROKPCH-Q26GOKEGO9B9BMUGDZU7JIRRJFA101OUK_3LVE5EUQZ,"['CorrupГғВ§ГғВЈo', 'Poder judiciГғВЎrio', 'EleiГғВ§ГғВЈo', 'Mundo']"
"JUDICIГғВҒRIO BRASILEIRO ГғвҖ° ELEITO O 2ГӮВә MAIS CORRUPTO E INJUSTO DO MUNDO, SEGUNDO RANKING GLOBAL",AFP CHECAMOS,HTTPS://CHECAMOS.AFP.COM/DOC.AFP.COM.943D264,FALSO,2026-01-26 08:00:00,HTTPS://ENCRYPTED-TBN3.GSTATIC.COM/IMAGES?Q=TBN:AND9GCQQCWIRQ5GKI6AS1SDEBSABNRPEEIKUI32ZFVTHHUNHRTYHUPR0,"['CorrupГғВ§ГғВЈo', 'Poder judiciГғВЎrio', 'OrdenaГғВ§ГғВЈo', 'EleiГғВ§ГғВЈo', 'Mundo']"
"ELEITORA DIZ QUE VOTARAM EM SEU LUGAR NAS ELEIГғвҖЎГғвҖўES DE 2022, QUANDO ESTAVA FORA DO PAГғВҚS.",AOS FATOS,HTTPS://WWW.AOSFATOS.ORG/NOTICIAS/NAO-E-VERDADE-TSE-CONTABILIZOU-VOTO-ELEITORA-AUSENTE-2022/,FALSO,2026-01-16 08:00:00,HTTPS://ENCRYPTED-TBN2.GSTATIC.COM/IMAGES?Q=TBN:AND9GCQIOBCWD_3VB-L3EQK_KR5UOUWMFQS02YQWFMPWI-P3PFRUXL7A,"['Eleitor', 'EleiГғВ§ГғВЈo', '2022', 'EleiГғВ§ГғВөes presidenciais brasileiras, 2022']"
MULHER QUE MORA NOS EUA DESCOBRIU REGISTRO DE VOTO NAS ELEIГғвҖЎГғвҖўES DE 2022 NO BRASIL,ESTADГғЖ’O,HTTPS://WWW.ESTADAO.COM.BR/ESTADAO-VERIFICA/MULHER-QUE-MORA-NOS-EUA-TEM-REGISTRO-DE-VOTO-EM-2022-ENGANOSO/,FALSO,2026-01-13 08:00:00,HTTPS://ENCRYPTED-TBN3.GSTATIC.COM/IMAGES?Q=TBN:AND9GCSMHQPV4DA1O_UC-UKKGWKNTRJOY4H5WGLIT0X-GLCRFFFPWPF_,"['VotaГғВ§ГғВЈo', 'EleiГғВ§ГғВЈo', 'Estados Unidos', 'EleiГғВ§ГғВөes presidenciais brasileiras, 2022', '2022', 'Brasil', 'EleiГғВ§ГғВөes gerais brasileiras, 2022']"
DEPOIMENTO DE MIKE BENZ DEIXA CLARO QUE BRASIL FOI VГғВҚTIMA DE GOLPE DE ESTADO,ESTADГғЖ’O,HTTPS://WWW.ESTADAO.COM.BR/ESTADAO-VERIFICA/MIKE-BENZ-NAO-PROVOU-FRAUDE-ELEICOES/,FALSO,2026-02-05 08:00:00,HTTPS://ENCRYPTED-TBN1.GSTATIC.COM/IMAGES?Q=TBN:AND9GCQDZVN2TOCG-UY5TVQSOYRXYTXYEJY8OWCQOJQMNQDQ_4LTYMC1,"['Brasil', 'Estado', 'Golpe de Estado', 'VГғВӯtima']"
FLГғВҒVIO BOLSONARO ASSUME LIDERANГғвҖЎA EM PESQUISA SOBRE ELEIГғвҖЎГғвҖўES DE 2026,AFP CHECAMOS,HTTPS://CHECAMOS.AFP.COM/DOC.AFP.COM.89PM7T3,FALSO,2026-01-05 08:00:00,HTTPS://ENCRYPTED-TBN0.GSTATIC.COM/IMAGES?Q=TBN:AND9GCS9VJAZL7YRIZ0CPBZ3SZ557SUH0W1IHE_8FF_FD86M5S2BZXF-,"['FlГғВЎvio Bolsonaro', 'EleiГғВ§ГғВЈo', '2026', 'Pesquisa', 'LideranГғВ§a']"
PUBLICAR ESTA FOTO ONDE ESTГғВҒ A LГғВҚDER DA OPOSIГғвҖЎГғЖ’O JUNTO AL PRESIDENTE ELEITO EDMUNDO GONZГғВҒLEZ QUE ESTГғЖ’O EM OSLO ГғвҖ° UMA HONRA.,OBSERVADOR,HTTPS://OBSERVADOR.PT/FACTCHECKS/FACT-CHECK-FOTOGRAFIA-MOSTRA-MARIA-CORINA-MACHADO-COM-EDMUNDO-GONZALEZ-NO-GRAND-HOTEL-DE-OSLO/,FALSO,2025-12-29 08:00:00,,"['Edmundo GonzГғВЎlez Urrutia', 'Oslo', 'Fotografia', 'presidente eleito', 'Presidente', 'EleiГғВ§ГғВЈo', 'LГғВӯder da OposiГғВ§ГғВЈo', 'OposiГғВ§ГғВЈo', 'Honra', 'LideranГғВ§a']"
LULA PROMETE QUE NГғЖ’O VAI MAIS ENGANAR O POVO SE FOR ELEITO NOVAMENTE,AFP CHECAMOS,HTTPS://CHECAMOS.AFP.COM/DOC.AFP.COM.88VA6T3,FALSO,2025-12-22 08:00:00,HTTPS://ENCRYPTED-TBN2.GSTATIC.COM/IMAGES?Q=TBN:AND9GCT56IOQKGI4LYDBYVDOASO0XNWVNCCN3WYW2DQOTTCIZAQWE2NN,"['Luiz InГғВЎcio Lula da Silva', 'O Povo', 'EleiГғВ§ГғВЈo']"
"LULA PROMETE QUE, SE FOR ELEITO DE NOVO, 'NГғЖ’O VAI ENGANAR O POVO MAIS UMA VEZ'",UOL NOTГғВҚCIAS,HTTPS://NOTICIAS.UOL.COM.BR/CONFERE/ULTIMAS-NOTICIAS/2025/12/19/FRASE-DE-LULA-SOBRE-NAO-ENGANAR-O-POVO-ERA-SOBRE-FRENTE-AMPLA-EM-2020.HTM,FALSO,2025-12-19 08:00:00,HTTPS://ENCRYPTED-TBN1.GSTATIC.COM/IMAGES?Q=TBN:AND9GCQW2KO52XUUNFTIL0OKH9FFGKZOYEQKHZ0K6HHNZGMH0RV4HIWF,"['Luiz InГғВЎcio Lula da Silva', 'O Povo', 'EleiГғВ§ГғВЈo']"
LULA PERDEU TODAS AS ELEIГғвҖЎГғвҖўES COM VOTAГғвҖЎГғЖ’O MANUAL E NUNCA PERDEU ELEIГғвҖЎГғЖ’O COM URNA ELETRГғвҖқNICA,AFP CHECAMOS,HTTPS://CHECAMOS.AFP.COM/DOC.AFP.COM.88868T3,FALSO,2025-12-15 08:00:00,HTTPS://ENCRYPTED-TBN3.GSTATIC.COM/IMAGES?Q=TBN:AND9GCSPX91VLWUNV1FS1LQFGYOKLST6XBPJYQT1S6UQUCZFCFZGI_0S,"['Luiz InГғВЎcio Lula da Silva', 'EleiГғВ§ГғВЈo', 'VotaГғВ§ГғВЈo', 'Urna eleitoral', 'MГғВЎquina de votaГғВ§ГғВЈo', 'EletrГғВҙnica']"
LULA PERDEU TODAS AS ELEIГғвҖЎГғвҖўES FEITAS COM CГғвҖ°DULAS DE PAPEL E VENCEU TODAS APГғвҖңS AS URNAS ELETRГғвҖқNICAS,AOS FATOS,HTTPS://WWW.AOSFATOS.ORG/NOTICIAS/FALSO-QUE-LULA-SO-VENCEU-ELEICOES-APOS-URNAS-ELETRONICAS/,FALSO,2025-12-09 08:00:00,HTTPS://ENCRYPTED-TBN1.GSTATIC.COM/IMAGES?Q=TBN:AND9GCRE5E01NS8_OJFEM_RBQWCJJV7Y3LPETCTITA6IWOWPZ3OYEIZ8,"['Luiz InГғВЎcio Lula da Silva', 'EleiГғВ§ГғВЈo', 'Urna eleitoral', 'Urna eletrГғВҙnica', 'CГғВ©dula eleitoral', 'Papel']"
VГғВҚDEO MOSTRA LUCIANO HANG COMEMORANDO INDICAГғвҖЎГғЖ’O DE FLГғВҒVIO BOLSONARO PARA DISPUTAR ELEIГғвҖЎГғЖ’O PRESIDENCIAL DE 2026,AOS FATOS,HTTPS://WWW.AOSFATOS.ORG/NOTICIAS/VIDEO-CELEBRACAO-LUCIANO-HANG-2018-NAO-APOS-BOLSONARO-INDICAR-FLAVIO-PRESIDENCIA/,FALSO,2025-12-09 08:00:00,HTTPS://ENCRYPTED-TBN3.GSTATIC.COM/IMAGES?Q=TBN:AND9GCSOVOB9HJPUPE1EG--WIB-J3X2_DAXN7VZBCNJVFTRTQ5RASUCV,"['Jair Bolsonaro', 'FlГғВЎvio Bolsonaro', 'Luciano Hang', 'Presidente', 'EleiГғВ§ГғВЈo', 'VГғВӯdeo', 'EleiГғВ§ГғВөes presidenciais', '2026']"
"TOFFOLI ENTREGA GRAVAГғвҖЎГғЖ’O ONDE DIZ: ""A ORDEM ГғвҖ° PRENDER BOLSONARO ANTES DAS ELEIГғвҖЎГғвҖўES DE 2026""",UOL NOTГғВҚCIAS,HTTPS://NOTICIAS.UOL.COM.BR/CONFERE/ULTIMAS-NOTICIAS/2025/12/08/E-FALSO-QUE-TOFFOLI-ENTREGOU-GRAVACAO-DE-MORAES-SOBRE-BOLSONARO-AO-FBI.HTM,FALSO,2025-12-08 08:00:00,HTTPS://ENCRYPTED-TBN2.GSTATIC.COM/IMAGES?Q=TBN:AND9GCT2HBGFMUYEGYEGDTJ7L7_VAZ_Z_SZJULC1TFCSCOBKDXOATI0Q,"['JosГғВ© Antonio Dias Toffoli', 'Jair Bolsonaro', 'GravaГғВ§ГғВЈo', 'EleiГғВ§ГғВЈo']"
"""E O PREFEITO ELEITO DE NOVA IORQUE, ENVIADO DE SATANГғВҒS, ZOHRAN MAMDANI, SE RECUSA A PRESTAR JURAMENTO A CONSTITUIГғвҖЎГғЖ’O AMERICANA""",OBSERVADOR,HTTPS://OBSERVADOR.PT/FACTCHECKS/FACT-CHECK-NOVO-MAYOR-DE-NOVA-IORQUE-RECUSOU-SE-A-PRESTAR-JURAMENTO-DE-RESPEITO-A-CONSTITUICAO-NORTE-AMERICANA/,FALSO,2025-11-26 08:00:00,HTTPS://ENCRYPTED-TBN3.GSTATIC.COM/IMAGES?Q=TBN:AND9GCSPOSTEKUTGC_77FQOKLZVGRXRFRC2VLIFGVKU-4CRTMZLV5X96,"['Zohran Mamdani', 'Nova Iorque', 'PrimГғВЎtor', 'Juramento', 'ConstituiГғВ§ГғВЈo', 'EleiГғВ§ГғВЈo']"
"ГўвӮ¬Е“ESTADO ISLГғвҖҡMICO PARABENIZA ELEIГғвҖЎГғЖ’O DO ""NOVO PREFEITO"" DE NOVA YORK. NA IMAGEM O MANIFESTO DO GRUPO TERRORISTA ESTADO ISLГғвҖҡMICO COMEMORANDO A VITГғвҖңRIA DO MUГғвҖЎULMANO ZOHRAN KWAME MAMDANI""",OBSERVADOR,HTTPS://OBSERVADOR.PT/FACTCHECKS/FACT-CHECK-ESTADO-ISLAMICO-PARABENIZOU-ZOHRAN-MAMDANI-PELA-VITORIA-NA-CORRIDA-A-CAMARA-DE-NOVA-IORQUE/,FALSO,2025-11-24 08:00:00,,"['Zohran Mamdani', 'Prefeito de Nova York', 'Nova Iorque', 'Mundo islГғВўmico', 'PrimГғВЎtor', 'EleiГғВ§ГғВЈo', 'IslГғВЈ', 'Terrorismo', 'Imagem']"
FLAVIO BOLSONARO DIZ QUE VITГғвҖңRIA SERГғВҒ NO 1ГӮВә TURNO,ESTADГғЖ’O,HTTPS://WWW.ESTADAO.COM.BR/ESTADAO-VERIFICA/VIDEO-FLAVIO-BOLSONARO-PRIMEIRO-TURNO-ELAICOES-2022/,FALSO,2025-12-11 08:00:00,HTTPS://ENCRYPTED-TBN3.GSTATIC.COM/IMAGES?Q=TBN:AND9GCTCUH6RAVV-PRDNRNWUAI0YEE6WM5ZZ1LEETS4GRW6HGVDHQWVG,['FlГғВЎvio Bolsonaro']
JAQUES WAGNER PROPГғвҖқS ADIAR ELEIГғвҖЎГғЖ’O DE 2026,AOS FATOS,HTTPS://WWW.AOSFATOS.ORG/NOTICIAS/JAQUES-WAGNER-NAO-DEFENDEU-ADIAR-ELEICOES-DE-2026/,FALSO,2025-10-07 07:00:00,HTTPS://ENCRYPTED-TBN2.GSTATIC.COM/IMAGES?Q=TBN:AND9GCSJQVRJB32PLPMBGZQ_I02VUL746VGS5WDAWVZMMYRQNA7FVNYR,"['Jaques Wagner', 'EleiГғВ§ГғВЈo', '2026']"
"LГғВҚDER DO GOVERNO NO SENADO, JAQUES WAGNER PROPГғвҖўE ADIAR ELEIГғвҖЎГғвҖўES DE 2026",ESTADГғЖ’O,HTTPS://WWW.ESTADAO.COM.BR/ESTADAO-VERIFICA/JAQUES-WAGNER-PROPOE-ADIAR-ELEICAO-2026-ENGANOSO/,FALSO,2025-10-07 07:00:00,HTTPS://ENCRYPTED-TBN3.GSTATIC.COM/IMAGES?Q=TBN:AND9GCQUJGYDKXRW9JNQJYPD8WNXSQAMKHDPPKTD8DJIBP7PPMNUJRF8,"['Jaques Wagner', 'EleiГғВ§ГғВЈo', 'Governo', 'Senado Federal do Brasil', 'Chefe de governo']"
"FOI DECLARADA HOJE UMA NOVA SANГғвҖЎГғЖ’O QUE PODE ELEGER O CAPITГғЖ’O EM 2026, MAS QUE PARA ISSO ACONTEГғвҖЎA ELE PRECISA DA SUA AJUDA. O STF DETERMINOU QUE SE A MULTA DE 30 MILHГғвҖўES FOR PAGA NA DATA PREVISTA, O LГғВҚDER PODE CONCORRER ГғвӮ¬ PRESIDГғЕ NCIA EM 2026.",OBSERVADOR,HTTPS://OBSERVADOR.PT/FACTCHECKS/FACT-CHECK-BOLSONARO-PODE-CONCORRER-AS-ELEICOES-PRESIDENCIAIS-DE-PAGAR-MULTA-DE-30-MILHOES/,FALSO,,HTTPS://ENCRYPTED-TBN0.GSTATIC.COM/IMAGES?Q=TBN:AND9GCTADCTWXJKK3C4HGBDESODJVXCPYDTK8HV0PR7JKSEAWXG2FU4Y,"['Presidente do Brasil', 'Multa', 'SanГғВ§ГғВЈo jurГғВӯdica', 'Supremo Tribunal Federal', '2026']"
INVESTIGAГғвҖЎГғЖ’O REVELA QUE PCC LAVAVA DINHEIRO NA GENIAL INVESTIMENTO E FINANCIAVA PESQUISA ELEITORAL A FAVOR DE LULA DA QUAEST,UOL NOTГғВҚCIAS,HTTPS://NOTICIAS.UOL.COM.BR/CONFERE/ULTIMAS-NOTICIAS/2025/09/02/INVESTIGACAO-NAO-APONTA-QUE-PCC-PAGOU-POR-PESQUISAS-ELEITORAIS.HTM,FALSO,2025-09-02 07:00:00,HTTPS://ENCRYPTED-TBN3.GSTATIC.COM/IMAGES?Q=TBN:AND9GCQFHUJWHFL12FV65A2ZTG8TCRFPZBE9IGAFMVFREAZ339XEDWUH,"['Primeiro Comando da Capital', 'Pesquisa', 'EleiГғВ§ГғВЈo', 'Luiz InГғВЎcio Lula da Silva', 'Dinheiro', 'Investimento']"
"BARROSO PAGOU R$ 9 MILHГғвҖўES A PARTIDOS PARA DERRUBAR A PEC DO VOTO IMPRESSO, COMPROU MICROCHIPS DE TAIWAN COM MILHГғвҖўES DE VOTOS PARA LULA E DESTRUIU CERCA DE 200 MIL URNAS QUE ESCONDIAM PROVAS DA FRAUDE ELEITORAL DE 2022",AOS FATOS,HTTPS://WWW.AOSFATOS.ORG/NOTICIAS/VIDEO-MENTIRAS-ATUACAO-BARROSO-TSE-ALEGAR-FRAUDE-EM-2022/,FALSO,2025-08-11 07:00:00,HTTPS://ENCRYPTED-TBN0.GSTATIC.COM/IMAGES?Q=TBN:AND9GCS_CIH6R_9H_M8HTMSB6XUCILXL1U9QBR9SMXV9G4YICDFB88HS,"['LuГғВӯs Roberto Barroso', 'Fraude', 'EleiГғВ§ГғВЈo', 'VotaГғВ§ГғВЈo', 'Urna eleitoral', 'Luiz InГғВЎcio Lula da Silva', 'Fraude eleitoral', 'Comprovante de votaГғВ§ГғВЈo verificado pelo eleitor', 'Partido polГғВӯtico']"
LULA DEFENDE MENOS ELEIГғвҖЎГғвҖўES,UOL NOTГғВҚCIAS,HTTPS://NOTICIAS.UOL.COM.BR/COMPROVA/ULTIMAS-NOTICIAS/2025/07/29/VIDEO-DISTORCE-FALA-DE-LULA-PARA-ATRIBUIR-A-ELE-ATAQUE-A-DEMOCRACIA.HTM,FALSO,2025-07-29 07:00:00,HTTPS://ENCRYPTED-TBN3.GSTATIC.COM/IMAGES?Q=TBN:AND9GCTDEOW1FPG_ZWKAG5ZGG0NACWKFP-5E6F9BEE90BPYMHTSRTIFU,"['Luiz InГғВЎcio Lula da Silva', 'EleiГғВ§ГғВЈo']"
LULA DECLARA QUE ELEIГғвҖЎГғвҖўES A CADA 4 OU 5 ANOS ГўвӮ¬ЛңNГғЖ’O SГғЖ’O SUFICIENTESГўвӮ¬в„ў E ANALISTAS ALERTAM PARA POSSГғВҚVEL INTENГғвҖЎГғЖ’O DE PROLONGAR SEU PRГғвҖңPRIO MANDATO,AFP CHECAMOS,HTTPS://CHECAMOS.AFP.COM/DOC.AFP.COM.67W36CQ,FALSO,2025-07-25 07:00:00,HTTPS://ENCRYPTED-TBN0.GSTATIC.COM/IMAGES?Q=TBN:AND9GCTKXPH5AZE5US36YV1OIAYTYRNPDCW2VGY-WOR3_TMZLPECZND6,"['Luiz InГғВЎcio Lula da Silva', 'EleiГғВ§ГғВЈo', 'Mandato']"
LULA DISSE QUE NГғЖ’O HAVERГғВҒ ELEIГғвҖЎГғвҖўES EM 2026,ESTADГғЖ’O,HTTPS://WWW.ESTADAO.COM.BR/ESTADAO-VERIFICA/LULA-CHILE-NAO-TERA-ELEICOES-2026/,FALSO,2025-07-23 07:00:00,HTTPS://ENCRYPTED-TBN0.GSTATIC.COM/IMAGES?Q=TBN:AND9GCQUBBJONJGFROQJWEM29LJL5YEPUFVYFJB6UZIV2SF_Y_RDRLLP,"['Luiz InГғВЎcio Lula da Silva', 'EleiГғВ§ГғВЈo']"
LUГғВҚS ROBERTO BARROSO E EUA AGIRAM PARA COMPRAR CHIPS FRAUDULENTOS DE TAIWAN PARA ROUBAR VOTOS PARA LULA EM 2022,ESTADГғЖ’O,HTTPS://WWW.ESTADAO.COM.BR/ESTADAO-VERIFICA/BARROSO-COMPROU-CHIPS-ADULTERADOS-TAIWAN-ROUBAR-VOTOS-LULA-FALSO/,FALSO,2025-08-14 07:00:00,HTTPS://ENCRYPTED-TBN3.GSTATIC.COM/IMAGES?Q=TBN:AND9GCTSQZK51XIX5P6NHEDLDGJZFDADPGC1BWRJWMXKSRYEIUC3PTY5,"['LuГғВӯs Roberto Barroso', 'Taiwan', 'VotaГғВ§ГғВЈo', 'Luiz InГғВЎcio Lula da Silva', 'Circuito integrado', '2022', 'Estados Unidos']"
"EM VГғВҚDEO, CELEBRIDADES DECLARAM APOIO A LULA EM 2026",PROJETO COMPROVA,HTTPS://PROJETOCOMPROVA.COM.BR/PUBLICA%C3%A7%C3%B5ES/DEEPFAKES-NO-TIKTOK-USAM-CELEBRIDADES-PARA-SIMULAR-APOIO-A-LULA-NAS-ELEICOES-DE-2026/,FALSO,2025-08-13 07:00:00,,"['Luiz InГғВЎcio Lula da Silva', 'Celebridade', 'VГғВӯdeo']"
PT COMPROU FILIADOS COM R$ 100 NA QUADRA DA UNIDOS DA VILA KENNEDY,ESTADГғЖ’O,HTTPS://WWW.ESTADAO.COM.BR/ESTADAO-VERIFICA/VIDEO-ESCOLA-DE-SAMBA-ELEICOES-INTERNAS-COMPRA-DE-FILIADOS-ENGANOSO/,FALSO,2025-07-24 07:00:00,HTTPS://ENCRYPTED-TBN1.GSTATIC.COM/IMAGES?Q=TBN:AND9GCT2KRXIC6NN7JKLV5PKKY8TXVUCYIS6LWOZNIPOC0SSRYXOD5SB,"['Partido dos Trabalhadores', 'Partido dos Trabalhadores', 'Vila Kennedy', 'Unidos da Vila Kennedy']"
DONALD TRUMP DECLAROU APOIO A BOLSONARO NAS ELEIГғвҖЎГғвҖўES DE 2026 DURANTE EVENTO DA NASCAR,ESTADГғЖ’O,HTTPS://WWW.ESTADAO.COM.BR/ESTADAO-VERIFICA/FALSO-DONALD-TRUMP-APOIO-JAIR-BOLSONARO-CORRIDA-FLORIDA/,FALSO,2025-05-22 07:00:00,HTTPS://ENCRYPTED-TBN0.GSTATIC.COM/IMAGES?Q=TBN:AND9GCQK1SWQVRFU7ODJRTIKCWDFMNASWJT_-W4DJIYEZJVHL5HFBIIC,"['Donald Trump', 'Jair Bolsonaro', 'EleiГғВ§ГғВЈo', 'NASCAR']"
PRIMEIRO AMERICANO DA HISTГғвҖңRIA A TORNAR-SE PAPA. ROBERT FRANCIS PREVOST ГғвҖ° ELEITO PAPA.,OBSERVADOR,HTTPS://OBSERVADOR.PT/FACTCHECKS/FACT-CHECK-IMAGEM-DO-PAPA-LEAO-XIV-A-CUMPRIMENTAR-DONALD-TRUMP-E-VERDADEIRA/,FALSO,2025-05-21 07:00:00,HTTPS://ENCRYPTED-TBN0.GSTATIC.COM/IMAGES?Q=TBN:AND9GCTADCTWXJKK3C4HGBDESODJVXCPYDTK8HV0PR7JKSEAWXG2FU4Y,"['Papa LeГғВЈo XIV', 'Papa', 'Estados Unidos', 'EleiГғВ§ГғВЈo']"
"CHEGA, DE ANDRГғвҖ° VENTURA, VENCEU ELEIГғвҖЎГғЖ’O EM PORTUGAL",AOS FATOS,HTTPS://WWW.AOSFATOS.ORG/NOTICIAS/E-FALSO-QUE-PARTIDO-DE-ANDRE-VENTURA-VENCEU-ELEICOES-EM-PORTUGAL/,FALSO,2025-05-19 07:00:00,HTTPS://ENCRYPTED-TBN0.GSTATIC.COM/IMAGES?Q=TBN:AND9GCQFSKENTWPAIAKG7OYLHE63TFJSGJIVWJDTCR0_4FMT0JU5FDHN,"['AndrГғВ© Ventura', 'Chega!', 'EleiГғВ§ГғВЈo', 'Portugal']"
ANDRГғвҖ° VENTURA VENCEU A ELEIГғвҖЎГғЖ’O EM PORTUGAL E AFIRMOU QUE VAI PROIBIR A ENTRADA DO PRESIDENTE BRASILEIRO LUIZ INГғВҒCIO LULA DA SILVA NO PAГғВҚS,ESTADГғЖ’O,HTTPS://WWW.ESTADAO.COM.BR/ESTADAO-VERIFICA/ANDRE-VENTURA-VENCE-ELEICAO-PORTUGAL-VAI-PROIBIR-ENTRADA-LULA-ENGANOSO/,FALSO,2025-05-19 07:00:00,HTTPS://ENCRYPTED-TBN1.GSTATIC.COM/IMAGES?Q=TBN:AND9GCSXQPRBIQBJPS9AFT9N0CZ2CNJONMI74XVOE6VXKU5-3RHHLX-B,"['AndrГғВ© Ventura', 'Luiz InГғВЎcio Lula da Silva', 'EleiГғВ§ГғВЈo', 'Presidente', 'Portugal', 'PaГғВӯs', 'Brasil']"
BOLSONARO DIZ QUE SE RECUSA ESTAR INELEGГғВҚVEL E ANUNCIA CANDIDATURA PARA PRESIDГғЕ NCIA EM 2026,ESTADГғЖ’O,HTTPS://WWW.ESTADAO.COM.BR/ESTADAO-VERIFICA/BOLSONARO-ANUNCIA-CANDIDATURA-2026-FALSO/,FALSO,2025-06-10 07:00:00,HTTPS://ENCRYPTED-TBN0.GSTATIC.COM/IMAGES?Q=TBN:AND9GCQYMH4NCKESFF_9XRQU2O6BUF_0N5NJKBG5MUZ_C-VSGRQRUUTY,"['Jair Bolsonaro', 'Presidente do Brasil', 'Candidato']"
DONALD TRUMP DECLAROU APOIO A JAIR BOLSONARO EM 2026,AOS FATOS,HTTPS://WWW.AOSFATOS.ORG/NOTICIAS/TRUMP-NAO-DECLAROU-APOIO-A-BOLSONARO-NAS-ELEICOES-DE-2026/,FALSO,2025-05-23 07:00:00,HTTPS://ENCRYPTED-TBN0.GSTATIC.COM/IMAGES?Q=TBN:AND9GCTD60QNX7XG2BNRGQMWQALJF9549PTEE7URAUZ9LO_7XGTQIEOM,"['Jair Bolsonaro', 'Donald Trump', '2026']"
ANDRГғвҖ° VENTURA VENCE EM PORTUGAL E VAI PROIBIR A ENTRADA DE LULA NO PAГғВҚS,AFP CHECAMOS,HTTPS://CHECAMOS.AFP.COM/DOC.AFP.COM.47LP8NP,FALSO,2025-05-21 07:00:00,HTTPS://ENCRYPTED-TBN1.GSTATIC.COM/IMAGES?Q=TBN:AND9GCR3TNSYSCMLKBGI1ICTHKPMDYR1J6IIOQ3KBCRGLXTCHMCJORI1,"['AndrГғВ© Ventura', 'Luiz InГғВЎcio Lula da Silva', 'Portugal', 'PaГғВӯs']"
ANDRГғвҖ° VENTURA VENCE EM PORTUGAL E AFIRMA QUE VAI PROIBIR A ENTRADA DE LULA NO PAГғВҚS,UOL NOTГғВҚCIAS,HTTPS://NOTICIAS.UOL.COM.BR/CONFERE/ULTIMAS-NOTICIAS/2025/05/21/PARTIDO-DE-ANDRE-VENTURA-NAO-VENCEU-ELEICOES-EM-PORTUGAL-EM-2025.HTM,FALSO,2025-05-21 07:00:00,HTTPS://ENCRYPTED-TBN0.GSTATIC.COM/IMAGES?Q=TBN:AND9GCRZZ_CXMPT2G9BVTDGH4SA9MA0MTNORBFXZK-G7YHJSK3EHX8BB,"['AndrГғВ© Ventura', 'Portugal', 'Luiz InГғВЎcio Lula da Silva', 'PaГғВӯs']"
PAPA FRANCISCO ENVIOU CARTA PARA JAIR BOLSONARO SOBRE AS ELEIГғвҖЎГғвҖўES DE 2026,AOS FATOS,HTTPS://WWW.AOSFATOS.ORG/NOTICIAS/E-FALSO-QUE-PAPA-FRANCISCO-ENVIOU-RECADO-A-BOLSONARO-ANTES-DE-MORRER/,FALSO,2025-04-24 07:00:00,HTTPS://ENCRYPTED-TBN1.GSTATIC.COM/IMAGES?Q=TBN:AND9GCTNKIHZQLYREVYZUOADJ9SK03XTR-THIF3UDOB88CPTPKNFIAWL,"['Papa Francisco', 'Jair Bolsonaro', 'Papa', 'Carta', 'EleiГғВ§ГғВЈo']"
"APГғвҖңS ELEIГғвҖЎГғЖ’O DE TRUMP, GILMAR MENDES DIZ QUE NГғЖ’O HOUVE TENTATIVA DE GOLPE",AFP CHECAMOS,HTTPS://CHECAMOS.AFP.COM/DOC.AFP.COM.42AU69D,FALSO,2025-04-14 07:00:00,HTTPS://ENCRYPTED-TBN0.GSTATIC.COM/IMAGES?Q=TBN:AND9GCRBRLCFXEDMRWSE7WU-YY56EOL3LH-B0ALZGAAAGXMPZLXG1BC6,"['Gilmar Mendes', 'Golpe de Estado', 'Tentativa de golpe de Estado no Brasil em 2022ГўвӮ¬вҖң2023', 'Donald Trump', 'EleiГғВ§ГғВЈo']"
BOLSONARO CONTRARIA SEUS ELEITORES E CONFESSA QUE COPACABANA FLOPOU,UOL NOTГғВҚCIAS,HTTPS://NOTICIAS.UOL.COM.BR/CONFERE/ULTIMAS-NOTICIAS/2025/04/01/POST-RECORTA-E-OMITE-CONTEXTO-DE-FALA-DE-BOLSONARO-COPACABANA-FLOPOU.HTM,FALSO,2025-04-01 07:00:00,HTTPS://ENCRYPTED-TBN2.GSTATIC.COM/IMAGES?Q=TBN:AND9GCSXS33TEYS1QXOXP2FSVXKUU9W0GY2KIGXFW9VUREDYOXKQJF4M,"['Jair Bolsonaro', 'Copacabana', 'EleiГғВ§ГғВЈo']"
"QUANDO ACABARAM AS ГғЕЎLTIMAS ELEIГғвҖЎГғвҖўES, A ГғЕЎLTIMA AGORA, EM 2022, O MEU PARTIDO PETICIONOU NO TSE. NO DIA SEGUINTE, O MINISTRO PRESIDENTE DO TSE, ALEXANDRE DE MORAES, NГғЖ’O ACEITOU, MANDOU ARQUIVAR E NOS DEU UMA MULTA DE 22 MILHГғвҖўES. ALGUГғвҖ°M JГғВҒ VIU ALGUM ADVOGADO SER MULTADO AГғВҚ, POR PETICIONAR O PODER JUDICIГғВҒRIO?",AOS FATOS,HTTPS://WWW.AOSFATOS.ORG/NOTICIAS/APOS-SE-TORNAR-REU-BOLSONARO-MENTE-SOBRE-8-DE-JANEIRO-E-ELEICOES/,FALSO,2025-03-26 07:00:00,HTTPS://ENCRYPTED-TBN1.GSTATIC.COM/IMAGES?Q=TBN:AND9GCSRH4ZYLTX2R39ZH9DYV6KCPDZPUEBLPRY0UNXILJW-G6OAE4NO,"['EleiГғВ§ГғВЈo', 'Presidente', 'Tribunal Superior Eleitoral', 'Ministro', 'Partido polГғВӯtico', 'Alexandre de Moraes', '2022', 'Presidente do Tribunal Superior Eleitoral do Brasil', 'Poder judiciГғВЎrio']"
BOLSONARO CONFESSOU: LULA FOI PRESO EM 2018 PARA EU VENCER AS ELEIГғвҖЎГғвҖўES,UOL NOTГғВҚCIAS,HTTPS://NOTICIAS.UOL.COM.BR/CONFERE/ULTIMAS-NOTICIAS/2025/03/22/BOLSONARO-NAO-DISSE-QUE-SO-VENCEU-ELEICAO-PORQUE-LULA-FOI-PRESO.HTM,FALSO,2025-03-22 07:00:00,HTTPS://ENCRYPTED-TBN0.GSTATIC.COM/IMAGES?Q=TBN:AND9GCQV-NDFFQW7XIQ89FCDFGQ3HCO7-7B_BCW99BLS2VWSS3IMPNFR,"['Luiz InГғВЎcio Lula da Silva', 'Jair Bolsonaro', 'EleiГғВ§ГғВЈo', 'PrisГғВЈo', '2018']"
BOLSONARO CONFESSOU QUE SГғвҖң VENCEU ELEIГғвҖЎГғвҖўES EM 2018 PORQUE LULA FOI PRESO,AOS FATOS,HTTPS://WWW.AOSFATOS.ORG/NOTICIAS/BOLSONARO-NAO-CONFESSOU-VENCEU-ELEICOES-2018-LULA-FOI-PRESO/,FALSO,2025-03-19 07:00:00,HTTPS://ENCRYPTED-TBN3.GSTATIC.COM/IMAGES?Q=TBN:AND9GCRQA6PNPJ0IBGXTJRCTICZJOLEBDKBKYE9T9JUWPLNUUJLNZ8-X,"['Jair Bolsonaro', 'Luiz InГғВЎcio Lula da Silva', 'EleiГғВ§ГғВЈo', 'PrisГғВЈo', 'EleiГғВ§ГғВөes presidenciais brasileiras, 2018', '2018']"
"O CASO RUBENS PAIVA (QUE SГғвҖң ANDAVA ARMADO ) VOLTOU A MГғВҚDIA ATRAVГғвҖ°S DO LAUREADO FILME ""AINDA ESTOU AQUI"". MAS QUEM ERA ESSE PERSONAGEM, CUJO O FILME RETRATA UM MГғВҒRTIR, UM TIRADENTES MODERNO QUE MORREU PELA NOSSA LIBERDADE. NADA MAIS FALSO. O DEPUTADO RUBENS PAIVA, ELEITO PELO MDB, NA VERDADE ERA UM MILITANTE DO PCB (PARTIDO COMUNISTA BRASILEIRO)",UOL NOTГғВҚCIAS,HTTPS://NOTICIAS.UOL.COM.BR/CONFERE/ULTIMAS-NOTICIAS/2025/03/10/FALSO-RUBENS-PAIVA-PCB-VPR-CARLOS-LAMARCA.HTM,FALSO,2025-03-10 07:00:00,HTTPS://ENCRYPTED-TBN0.GSTATIC.COM/IMAGES?Q=TBN:AND9GCSLE4RPI9_4XCCMSGZQYP5P2JN3OR5M22HSIENQSOKWWZ7HI1PC,"['Rubens Paiva', 'Partido Comunista Brasileiro', 'Partido polГғВӯtico', 'Deputado', 'PMDB', 'Brasil', 'EleiГғВ§ГғВЈo']"
URGENTE. ELON MUSK EXPГғвҖўE ESCГғвҖҡNDALO: 20 MILHГғвҖўES DE IDOSOS ENTRE 100 E 159 ANOS RECEBEM PREVIDГғЕ NCIA. COMO ISSO ГғвҖ° POSSГғВҚVEL?! FINALMENTE ENCONTRARAM OS LEITORES DE JOE BIDEN! QUEM LEMBRA DAS ELEIГғвҖЎГғвҖўES DE 2020 VAI ENTENDER..,UOL NOTГғВҚCIAS,HTTPS://NOTICIAS.UOL.COM.BR/CONFERE/ULTIMAS-NOTICIAS/2025/03/06/FALSO-MUSK-FRAUDE-PREVIDENCIA-EUA.HTM,FALSO,2025-03-06 08:00:00,HTTPS://ENCRYPTED-TBN0.GSTATIC.COM/IMAGES?Q=TBN:AND9GCSXN5DUWNS3T35ZQWRT0C21DPEWT5NK8YS2PSHS42WL-5K023SU,"['Elon Musk', 'Seguridade social', 'Joe Biden', 'EscГғВўndalo', 'Ano', 'EleiГғВ§ГғВЈo', 'Idoso', '2020']"
"O POVO, EM GRANDE PARTE, TEVE ARMA, E DIMINUГғВҚMOS EM QUASE 30% O NГғЕЎMERO DE MORTES POR ARMA DE FOGO NO BRASIL.",AOS FATOS,HTTPS://WWW.AOSFATOS.ORG/NOTICIAS/APOS-SE-TORNAR-REU-BOLSONARO-MENTE-SOBRE-8-DE-JANEIRO-E-ELEICOES/,FALSO,2025-03-26 07:00:00,HTTPS://ENCRYPTED-TBN1.GSTATIC.COM/IMAGES?Q=TBN:AND9GCSRH4ZYLTX2R39ZH9DYV6KCPDZPUEBLPRY0UNXILJW-G6OAE4NO,"['Morte', 'Arma', 'Brasil', 'Arma de fogo', 'NГғВәmero', 'Fogo', '1930', 'O Povo']"
[CONCLUSГғЖ’O DO INQUГғвҖ°RITO DO PSDB:] AS URNAS SГғЖ’O INAUDITГғВҒVEIS. NГғЖ’O SOU EU QUE DISSE ISSO.,AOS FATOS,HTTPS://WWW.AOSFATOS.ORG/NOTICIAS/APOS-SE-TORNAR-REU-BOLSONARO-MENTE-SOBRE-8-DE-JANEIRO-E-ELEICOES/,FALSO,2025-03-26 07:00:00,HTTPS://ENCRYPTED-TBN1.GSTATIC.COM/IMAGES?Q=TBN:AND9GCSRH4ZYLTX2R39ZH9DYV6KCPDZPUEBLPRY0UNXILJW-G6OAE4NO,"['Urna eleitoral', 'PSDB', 'Partido da Social Democracia Brasileira', 'InquГғВ©rito policial']"
"COMO ГғвҖ° QUE ELE CHEGOU? 29 DE JULHO DE 21. (...) E DIZENDO QUE EU DIFUNDI FAKE NEWS. EU DIFUNDI O QUE TINHA DENTRO DO INQUГғвҖ°RITO [1.361, DE 2018]. SE ГғвҖ° FAKE NEWS, O INQUГғвҖ°RITO ГғвҖ° MENTIROSO.",AOS FATOS,HTTPS://WWW.AOSFATOS.ORG/NOTICIAS/APOS-SE-TORNAR-REU-BOLSONARO-MENTE-SOBRE-8-DE-JANEIRO-E-ELEICOES/,FALSO,2025-03-26 07:00:00,HTTPS://ENCRYPTED-TBN1.GSTATIC.COM/IMAGES?Q=TBN:AND9GCSRH4ZYLTX2R39ZH9DYV6KCPDZPUEBLPRY0UNXILJW-G6OAE4NO,"['NotГғВӯcia', '2018', 'NotГғВӯcia falsa', 'Julho', 'InquГғВ©rito policial', '2021', 'Mentira']"
"EU NГғЖ’O INTERFERI NO TSE, O OUTRO LADO INTERFERIU.",AOS FATOS,HTTPS://WWW.AOSFATOS.ORG/NOTICIAS/APOS-SE-TORNAR-REU-BOLSONARO-MENTE-SOBRE-8-DE-JANEIRO-E-ELEICOES/,FALSO,2025-03-26 07:00:00,HTTPS://ENCRYPTED-TBN1.GSTATIC.COM/IMAGES?Q=TBN:AND9GCSRH4ZYLTX2R39ZH9DYV6KCPDZPUEBLPRY0UNXILJW-G6OAE4NO,['Tribunal Superior Eleitoral']
NГғЖ’O ENCONTRARAM NENHUMA ARMA AQUI [NO 8 DE JANEIRO],AOS FATOS,HTTPS://WWW.AOSFATOS.ORG/NOTICIAS/APOS-SE-TORNAR-REU-BOLSONARO-MENTE-SOBRE-8-DE-JANEIRO-E-ELEICOES/,FALSO,2025-03-26 07:00:00,HTTPS://ENCRYPTED-TBN1.GSTATIC.COM/IMAGES?Q=TBN:AND9GCSRH4ZYLTX2R39ZH9DYV6KCPDZPUEBLPRY0UNXILJW-G6OAE4NO,"['Arma', 'Ataques de 8 de janeiro em BrasГғВӯlia', 'Janeiro']"
EU NГғЖ’O PUDE MOSTRAR IMAGENS DO LULA FALANDO QUE UM POBRE COITADO ROUBA CELULAR PARA TOMAR CERVEJINHA.,AOS FATOS,HTTPS://WWW.AOSFATOS.ORG/NOTICIAS/APOS-SE-TORNAR-REU-BOLSONARO-MENTE-SOBRE-8-DE-JANEIRO-E-ELEICOES/,FALSO,2025-03-26 07:00:00,HTTPS://ENCRYPTED-TBN1.GSTATIC.COM/IMAGES?Q=TBN:AND9GCSRH4ZYLTX2R39ZH9DYV6KCPDZPUEBLPRY0UNXILJW-G6OAE4NO,"['Luiz InГғВЎcio Lula da Silva', 'Imagem', 'Pobreza', 'Telefone celular']"
"O QUE QUE O LULA FEZ NO FINAL DO ANO PASSADO? TEVE AQUI REUNIГғЖ’O DO G20, [ELE] ASSINOU 37 MEMORANDOS E ACORDOS COM A CHINA. ENTRE ESSES ACORDOS, ENTREGOU O NOSSO URГғвҖҡNIO PARA A CHINA.",AOS FATOS,HTTPS://WWW.AOSFATOS.ORG/NOTICIAS/APOS-SE-TORNAR-REU-BOLSONARO-MENTE-SOBRE-8-DE-JANEIRO-E-ELEICOES/,FALSO,2025-03-26 07:00:00,HTTPS://ENCRYPTED-TBN1.GSTATIC.COM/IMAGES?Q=TBN:AND9GCSRH4ZYLTX2R39ZH9DYV6KCPDZPUEBLPRY0UNXILJW-G6OAE4NO,"['Luiz InГғВЎcio Lula da Silva', 'UrГғВўnio', 'G20', 'ReuniГғВЈo', 'Memorando', '19.ГӮВӘ reuniГғВЈo de cГғВәpula do G20', 'China']"
EU MONTEI UM MINISTГғвҖ°RIO TГғвҖ°CNICO.,AOS FATOS,HTTPS://WWW.AOSFATOS.ORG/NOTICIAS/APOS-SE-TORNAR-REU-BOLSONARO-MENTE-SOBRE-8-DE-JANEIRO-E-ELEICOES/,FALSO,2025-03-26 07:00:00,HTTPS://ENCRYPTED-TBN1.GSTATIC.COM/IMAGES?Q=TBN:AND9GCSRH4ZYLTX2R39ZH9DYV6KCPDZPUEBLPRY0UNXILJW-G6OAE4NO,['MinistГғВ©rio']
UE CRIA ESCUDO DEMOCRГғВҒTICO EUROPEU QUE PERMITIRГғВҒ A ANULAГғвҖЎГғЖ’O DE ELEIГғвҖЎГғвҖўES,AFP CHECAMOS,HTTPS://CHECAMOS.AFP.COM/DOC.AFP.COM.36YR42P,FALSO,2025-02-28 08:00:00,HTTPS://ENCRYPTED-TBN2.GSTATIC.COM/IMAGES?Q=TBN:AND9GCRBKQJEVZTMEEBJ7LX3QU78OAQONM5LBTEDFLKBJU_SVGRALPS4,"['EleiГғВ§ГғВЈo', 'UniГғВЈo Europeia', 'Democracia', 'Europa', 'Partido DemocrГғВЎtico Europeu']"
FINANCIAL TIMES DISSE QUE JOE BIDEN FRAUDOU ELEIГғвҖЎГғвҖўES BRASILEIRAS DE 2022,AOS FATOS,HTTPS://WWW.AOSFATOS.ORG/NOTICIAS/FINANCIAL-TIMES-BIDEN-ELEICOES-BRASILEIRAS/,FALSO,2025-02-28 08:00:00,HTTPS://ENCRYPTED-TBN0.GSTATIC.COM/IMAGES?Q=TBN:AND9GCSA2NFKWYNGXAF8OI878AP3OFNHI5RJ0Q9-KXVVPE1FZEGWWDS-,"['Joe Biden', 'EleiГғВ§ГғВЈo', 'Financial Times', 'Brasil', '2022', 'EleiГғВ§ГғВөes presidenciais brasileiras, 2022']"
"MARCOS DO VAL REVELA DOCUMENTOS SECRETOS QUE CONTГғЕ M ГўвӮ¬Е“PROVAS CLARASГўвӮ¬Вқ DE QUE ГўвӮ¬Е“O MODELO DE CENSURA AMERICANO FOI APLICADO NO BRASILГўвӮ¬Вқ PARA INTERFERIR NAS ELEIГғвҖЎГғвҖўES PRESIDENCIAIS DE 2022. ГўвӮ¬Е“ME DERAM A AUTORIZAГғвҖЎГғЖ’O PARA FALARГўвӮ¬Вқ, DIZ ELE, ACRESCENTANDO QUE GUARDAVA O MATERIAL, EM SILГғЕ NCIO, DESDE 2023.",UOL NOTГғВҚCIAS,HTTPS://NOTICIAS.UOL.COM.BR/COMPROVA/ULTIMAS-NOTICIAS/2025/02/20/DOCUMENTOS-DA-USAID-SAO-PUBLICOS-NEM-PROVAM-MODELO-DE-CENSURA-NO-BRASIL.HTM,FALSO,2025-02-20 08:00:00,HTTPS://ENCRYPTED-TBN1.GSTATIC.COM/IMAGES?Q=TBN:AND9GCRUCGHSCWSYE3KUETPMFRJ0QIOOHNXGCN6GYS9HYOEKDOFHM950,"['Brasil', 'Documento', 'EleiГғВ§ГғВЈo', 'Marcos do Val', '2022', 'EleiГғВ§ГғВөes presidenciais brasileiras, 2022', 'EleiГғВ§ГғВөes presidenciais', 'ParГғВЎ', 'AmГғВ©rica']"
ELON MUSK POSTOU NO X PROVAS DE QUE ELEIГғвҖЎГғвҖўES BRASILEIRAS FORAM FRAUDADAS E QUE JAIR BOLSONARO (PL) VENCEU AS ELEIГғвҖЎГғвҖўES DE 2022,AOS FATOS,HTTPS://WWW.AOSFATOS.ORG/NOTICIAS/FALSO-ELON-MUSK-PUBLICOU-PROVA-VITORIA-BOLSONARO-2022/,FALSO,2025-02-19 08:00:00,HTTPS://ENCRYPTED-TBN3.GSTATIC.COM/IMAGES?Q=TBN:AND9GCS8ECMXDKXGBRKAASDB8FAPAOAITDINVBLMCRFQMUJW2PIA6HEG,"['Jair Bolsonaro', 'Elon Musk', 'EleiГғВ§ГғВЈo', '2022', 'EleiГғВ§ГғВөes presidenciais brasileiras, 2022', 'Partido Liberal', 'Brasil']"
BRETON SUGERE QUE AS ELEIГғвҖЎГғвҖўES NA ALEMANHA SERГғЖ’O ANULADAS SE A AFD VENCER,AFP CHECAMOS,HTTPS://CHECAMOS.AFP.COM/DOC.AFP.COM.36Y23E9,FALSO,2025-02-17 08:00:00,HTTPS://ENCRYPTED-TBN1.GSTATIC.COM/IMAGES?Q=TBN:AND9GCT2YRTEMNSI1KSTWV3GPG-MMHYMEIG_H9K1CVMZNC__1SFTKHI9,"['EleiГғВ§ГғВЈo', 'EleiГғВ§ГғВөes na Alemanha', 'Alemanha', 'Alternativa para a Alemanha']"
"FRAUDE ELEITORAL: USAID PAGOU US$ 500 MIL ГғвӮ¬ EMPRESA SMARTMATIC, QUE FORNECEU URNAS ELETRГғвҖқNICAS AO BRASIL EM 2022",ESTADГғЖ’O,HTTPS://WWW.ESTADAO.COM.BR/ESTADAO-VERIFICA/USAID-500-MIL-SMARTMATIC-URNAS-ELEICOES-2022-FALSO/,FALSO,2025-02-13 08:00:00,HTTPS://ENCRYPTED-TBN1.GSTATIC.COM/IMAGES?Q=TBN:AND9GCQEDGVLHHRRGFTPAEDHKMABL5BVSDVZAS5-ZTOLZZVEMXGQSXTM,"['Smartmatic', 'AgГғВӘncia dos Estados Unidos para o Desenvolvimento Internacional', 'EleiГғВ§ГғВЈo', 'Brasil', 'Fraude eleitoral']"
"A VERDADE. O FOTГғвҖңGRAFO FLAGRADO DIRIGINDO AS AГғвҖЎГғвҖўES DOS INVASORES DO DE JANEIRO DA AGГғЕ NCIA DE NOTГғВҚCIAS REUTERS, QUE RECEBEU MILHГғвҖўES DE DГғвҖңLARES DA USAID, QUE ATUOU NA ELEIГғвҖЎГғЖ’O DE 22 NO BRASIL A FAVOR DE LULA.",UOL NOTГғВҚCIAS,HTTPS://NOTICIAS.UOL.COM.BR/CONFERE/ULTIMAS-NOTICIAS/2025/02/11/FALSO-FOTOGRAFO-REUTERS-USAID.HTM,FALSO,2025-02-11 08:00:00,HTTPS://ENCRYPTED-TBN0.GSTATIC.COM/IMAGES?Q=TBN:AND9GCQVXS5S9G8J7THEWA2SLGLN1GZ83_V--STGLWTMNY7QP8WKMTR-,"['AgГғВӘncia dos Estados Unidos para o Desenvolvimento Internacional', 'Reuters', 'NotГғВӯcia', 'AgГғВӘncia de notГғВӯcias', 'Luiz InГғВЎcio Lula da Silva', 'EleiГғВ§ГғВЈo']"
PESQUISA REVELA QUE 82% DOS BRASILEIROS DEPORTADOS DOS ESTADOS UNIDOS VOTARAM EM LULA (PT) NA ГғЕЎLTIMA ELEIГғвҖЎГғЖ’O,AOS FATOS,HTTPS://WWW.AOSFATOS.ORG/NOTICIAS/PERCENTUAL-FALSO-DEPORTADOS-VOTARAM-EM-LULA/,FALSO,2025-02-03 08:00:00,HTTPS://ENCRYPTED-TBN3.GSTATIC.COM/IMAGES?Q=TBN:AND9GCSSYATYPVJYFV3ZYVMMQANS2R8YUDD_UZBJLTRH4OSM7PYTCAUN,"['Luiz InГғВЎcio Lula da Silva', 'DeportaГғВ§ГғВЈo', 'Estados Unidos', 'EleiГғВ§ГғВЈo', 'Partido dos Trabalhadores', 'Pesquisa', 'Partido dos Trabalhadores']"
"LULA DISSE: ""AS PESSOAS TГғЕ M QUE PASSAR FOME PARA APRENDER A LUTAR"", ""POBRE ГғвҖ° IMBECIL, ГғвҖ° IGNORANTE"", ""O POBRE ГғвҖ° UM NГғЕЎMERO, ГғвӮ¬S VEZES BONITO PARA SE UTILIZAR EM CAMPANHA"" E ""ACABOU AS ELEIГғвҖЎГғвҖўES, ACABOU O INTERESSE PELO POBRE""",UOL NOTГғВҚCIAS,HTTPS://NOTICIAS.UOL.COM.BR/CONFERE/ULTIMAS-NOTICIAS/2025/01/21/VIDEO-FALAS-LULA-POBRES-DISTORCIDO.HTM,FALSO,2025-01-21 08:00:00,HTTPS://ENCRYPTED-TBN0.GSTATIC.COM/IMAGES?Q=TBN:AND9GCRGTA2XPWRTFCO8SKMKAGLMBNHJF1RNQARPRNODZTTCNG4NFKUT,"['Luiz InГғВЎcio Lula da Silva', 'Pobreza', 'EleiГғВ§ГғВЈo', 'NГғВәmero', 'Fome', 'IgnorГғВўncia', 'Aprendizagem', 'Interesse']"
SE O PRESIDENTE MORRE ANTES DE 2 ANOS DE GOVERNO ГғвҖ° OBRIGATГғвҖңRIO CONVOCAR NOVAS ELEIГғвҖЎГғвҖўES,AFP CHECAMOS,HTTPS://CHECAMOS.AFP.COM/DOC.AFP.COM.36QK83R,FALSO,2024-12-17 08:00:00,HTTPS://ENCRYPTED-TBN1.GSTATIC.COM/IMAGES?Q=TBN:AND9GCT1VJZGXXPW22N9RYOHC-ZDZOZG4D4_SFWGHBBG8CLN2XUMAOQN,"['EleiГғВ§ГғВЈo', 'Presidente', 'Morte', 'Governo']"
SE LULA MORRER ESTE ANO HAVERГғВҒ NOVAS ELEIГғвҖЎГғвҖўES,AOS FATOS,HTTPS://WWW.AOSFATOS.ORG/NOTICIAS/FALSO-NOVAS-ELEICOES-SE-LULA-MORRER-2024/,FALSO,2024-12-17 08:00:00,HTTPS://ENCRYPTED-TBN1.GSTATIC.COM/IMAGES?Q=TBN:AND9GCSXDEA9VXMKE5S-LVTVLCDEZZ78TRXOWYN7TCG_UQXT1DZGT4TB,"['Luiz InГғВЎcio Lula da Silva', 'EleiГғВ§ГғВЈo']"
"ELON MUSK UTILIZOU A STARLINK PARA MANIPULAR AS NOSSAS ELEIГғвҖЎГғвҖўES, PARA QUE ELE POSSA TER COISAS BOAS ENQUANTO INFLIGE DOR AOS AMERICANOS. VAMOS MESMO FECHAR OS OLHOS E DEIXAR OS PIORES DE NГғвҖңS GOVERNAR O PAГғВҚS.",OBSERVADOR,HTTPS://OBSERVADOR.PT/FACTCHECKS/FACT-CHECK-ELON-MUSK-UTILIZOU-OS-SATELITES-STARLINK-PARA-MANIPULAR-ELEICOES-DOS-EUA/,FALSO,2024-11-26 08:00:00,HTTPS://ENCRYPTED-TBN3.GSTATIC.COM/IMAGES?Q=TBN:AND9GCSPOSTEKUTGC_77FQOKLZVGRXRFRC2VLIFGVKU-4CRTMZLV5X96,"['Elon Musk', 'EleiГғВ§ГғВЈo', 'Starlink', 'Estados Unidos', 'Governo', 'Dor']"
VГғВҚDEO MOSTRA JOSГғвҖ° MUJICA COMEMORANDO VITГғвҖңRIA NAS ELEIГғвҖЎГғвҖўES URUGUAIAS DE 2024,AFP CHECAMOS,HTTPS://CHECAMOS.AFP.COM/DOC.AFP.COM.36NB6CM,FALSO,2024-11-26 08:00:00,HTTPS://ENCRYPTED-TBN2.GSTATIC.COM/IMAGES?Q=TBN:AND9GCQ9XEGZMEBRQ9EDKXEPXO6K5UH5TPHLSDWV-_TBHXA5DPHGVFVK,"['JosГғВ© Mujica', 'EleiГғВ§ГғВЈo', '2024', 'VГғВӯdeo', 'Uruguaios']"
AGORA ГғвҖ° OFICIAL: BOLSONARO SERГғВҒ CANDIDATO PARA A PRESIDГғЕ NCIA EM 2026,ESTADГғЖ’O,HTTPS://WWW.ESTADAO.COM.BR/ESTADAO-VERIFICA/BOLSONARO-CANDIDATO-PRESIDENTE-2026-FALSO/,FALSO,2024-12-16 08:00:00,HTTPS://ENCRYPTED-TBN1.GSTATIC.COM/IMAGES?Q=TBN:AND9GCSXV30WSCG6AGISEX14RKSG5IAYMJLYMOHUOIGEMBH9ADNVIL2F,"['Jair Bolsonaro', 'Presidente do Brasil', 'Candidato', 'Oficial']"
KAMALA HARRIS FINGIU LIGAГғвҖЎГғЖ’O TELEFГғвҖқNICA COM ELEITOR DURANTE COMГғВҚCIO,AOS FATOS,HTTPS://WWW.AOSFATOS.ORG/NOTICIAS/VIDEO-NAO-PROVA-KAMALA-FINGIU-LIGACAO-COM-ELEITOR/,FALSO,2024-11-07 08:00:00,HTTPS://ENCRYPTED-TBN3.GSTATIC.COM/IMAGES?Q=TBN:AND9GCRBOY-I5948FOTG4PERE39UK9PBBRID-0YVS2QUWFEC-TRDZ0XR,"['Kamala Harris', 'EleiГғВ§ГғВЈo', 'Eleitor', 'Telefone', 'Chamada telefГғВҙnica']"
KAMALA HARRIS FORJOU LIGAГғвҖЎГғЖ’O COM ELEITORES,ESTADГғЖ’O,HTTPS://WWW.ESTADAO.COM.BR/ESTADAO-VERIFICA/KAMALA-FINGIU-CONVERSA-TELEFONE-ELEITOR-ENGANOSO/,FALSO,2024-11-06 08:00:00,HTTPS://ENCRYPTED-TBN2.GSTATIC.COM/IMAGES?Q=TBN:AND9GCRL8J2E8ZNEQXWYYVG4JKQLETE3_W7NH5MZ_LKJ_O0ZJOUAPH7U,"['Kamala Harris', 'EleiГғВ§ГғВЈo']"
MAPAS MOSTRAM ONDE ESQUERDA VENCEU EM ELEIГғвҖЎГғвҖўES MUNICIPAIS DESDE 2004,ESTADГғЖ’O,HTTPS://WWW.ESTADAO.COM.BR/ESTADAO-VERIFICA/MAPAS-ESQUERDA-ELEICOES-MUNICIPAIS/,FALSO,2024-11-04 08:00:00,HTTPS://ENCRYPTED-TBN0.GSTATIC.COM/IMAGES?Q=TBN:AND9GCQTY5ALQO8JFMNYMGZ5QSW-7WXIDNZVVMKCRNRNP4IZ4FGFGLKA,"['EleiГғВ§ГғВЈo', 'Esquerda', 'Mapa', 'EleiГғВ§ГғВөes municipais no Brasil', '2004']"
VГғВҚDEO MOSTRA FRAUDE ELEITORAL NOS EUA NA QUAL VOTO DE TRUMP ГғвҖ° TRANSFERIDO PARA KAMALA,AOS FATOS,HTTPS://WWW.AOSFATOS.ORG/NOTICIAS/FALSO-VOTO-PARA-TRUMP-FOI-COMPUTADO-KAMALA/,FALSO,2024-11-01 07:00:00,HTTPS://ENCRYPTED-TBN1.GSTATIC.COM/IMAGES?Q=TBN:AND9GCR6VKOUNORZ_7XJHQPIO696JEXMWGBUIQILTPTVKSEIAYATYCZP,"['Kamala Harris', 'Donald Trump', 'VotaГғВ§ГғВЈo', 'EleiГғВ§ГғВЈo', 'Estados Unidos', 'Fraude eleitoral', 'Fraude', 'VГғВӯdeo']"
ABC MOSTROU RESULTADO DA ELEIГғвҖЎГғЖ’O PRESIDENCIAL NA PENSILVГғвҖҡNIA DIAS ANTES DO PLEITO,ESTADГғЖ’O,HTTPS://WWW.ESTADAO.COM.BR/ESTADAO-VERIFICA/TV-NA-PENSILVANIA-NAO-ANTECIPOU-RESULTADO-DAS-ELEICOES-DOS-EUA-POST-MOSTRA-TESTE-EXIBIDO-POR-ENGANO/,FALSO,2024-11-01 07:00:00,HTTPS://ENCRYPTED-TBN3.GSTATIC.COM/IMAGES?Q=TBN:AND9GCR39MBJ-DPHCZWP8MVN5DB4YG6VRWI2J5QDRPACE82WVWF2BLZS,"['EleiГғВ§ГғВЈo', 'PensilvГғВўnia', 'EleiГғВ§ГғВөes presidenciais', 'Presidente', 'Resultado']"
DEFESA DE GUSTAVO GAYER SE MANIFESTA SOBRE AS OPERAГғвҖЎГғвҖўES DA PF ГғвӮ¬S VГғвҖ°SPERAS DA ELEIГғвҖЎГғЖ’O. ГўвӮ¬Е“NГғЖ’O PODEM SER DEFLAGRADAS NO ГғВҒPICE DO PROCESSO ELEITORALГўвӮ¬Вқ,PROJETO COMPROVA,HTTPS://PROJETOCOMPROVA.COM.BR/PUBLICA%C3%A7%C3%B5ES/ENTENDA-A-OPERACAO-DA-PF-CONTRA-O-DEPUTADO-GUSTAVO-GAYER/,VERDADEIRO,2024-10-27 07:00:00,,"['Gustavo Gayer', 'PolГғВӯcia Federal', 'Departamento de PolГғВӯcia Federal', 'EleiГғВ§ГғВЈo', 'Processo judicial', 'VГғВ©speras']"
SILVIO ALMEIDA GRAVOU VГғВҚDEO PEDINDO VOTOS PARA BOULOS NA ELEIГғвҖЎГғЖ’O MUNICIPAL DE 2024,AOS FATOS,HTTPS://WWW.AOSFATOS.ORG/NOTICIAS/VIDEO-NAO-MOSTRA-SILVIO-ALMEIDA-PEDINDO-VOTO-EM-BOULOS-ELEICOES-2024/,FALSO,2024-10-18 07:00:00,HTTPS://ENCRYPTED-TBN0.GSTATIC.COM/IMAGES?Q=TBN:AND9GCQK-UZ6B5U5BQYETQ3KQUWNLNFSGILHWWFHV5WEODXFESTT52_W,"['Guilherme Boulos', 'Silvio Luiz de Almeida', 'EleiГғВ§ГғВЈo', 'VotaГғВ§ГғВЈo', 'EleiГғВ§ГғВөes municipais no Brasil em 2024', 'EleiГғВ§ГғВЈo municipal', '2024', 'VГғВӯdeo']"
ELON MUSK DENUNCIOU FRAUDE NAS ELEIГғвҖЎГғвҖўES DE 2022 NO BRASIL,ESTADГғЖ’O,HTTPS://WWW.ESTADAO.COM.BR/ESTADAO-VERIFICA/ELON-MUSK-NAO-DENUNCIOU-FRAUDE-NAS-ELEICOES-BRASILEIRAS-DE-2022/,FALSO,2024-10-17 07:00:00,HTTPS://ENCRYPTED-TBN3.GSTATIC.COM/IMAGES?Q=TBN:AND9GCSZRYOPEOX6_DCYILD54I-LQ8-HPT8RY_URZYMOL_RSL0N7RM0K,"['Elon Musk', 'EleiГғВ§ГғВЈo', 'Brasil', 'EleiГғВ§ГғВөes presidenciais brasileiras, 2022', '2022', 'Fraude']"
"BOULOS (PSOL) TERIA ULTRAPASSADO MARГғвҖЎAL (PRTB) NA MESMO HORA EM QUE DILMA (PT) E LULA (PT) VIRARAM CONTRA SEUS ADVERSГғВҒRIOS, O QUE INDICARIA FRAUDE NAS ELEIГғвҖЎГғвҖўES",METRГғвҖңPOLES,HTTPS://WWW.METROPOLES.COM/PROJETO-COMPROVA/VIRADAS-NA-APURACAO-DAS-URNAS-NAO-INDICAM-FRAUDE-NAS-ELEICOES-ENTENDA,FALSO,2024-10-16 07:00:00,,"['EleiГғВ§ГғВЈo', 'Guilherme Boulos', 'Dilma Rousseff', 'Partido Socialismo e Liberdade', 'Partido dos Trabalhadores', 'Pablo MarГғВ§al', 'Luiz InГғВЎcio Lula da Silva', 'Partido Renovador Trabalhista Brasileiro']"
CONTINUAREMOS COM A QUIMIOTERAPIA. UM DIA ESSE CГғвҖҡNCER DESAPARECE,UOL NOTГғВҚCIAS,HTTPS://NOTICIAS.UOL.COM.BR/CONFERE/ULTIMAS-NOTICIAS/2024/11/06/POST-DISTORCE-MAPAS-E-OMITE-RESULTADOS-DE-ELEICOES-DE-2022-NO-BRASIL.HTM,FALSO,2024-11-06 08:00:00,HTTPS://ENCRYPTED-TBN3.GSTATIC.COM/IMAGES?Q=TBN:AND9GCRTFZROAPY_9JJLYU363OEK8HRIXNA7GQ6BYNYX8GFUUNJUQSDQ,"['CГғВўncer', 'Quimioterapia']"
TERIA HAVIDO FRAUDE NAS ELEIГғвҖЎГғвҖўES PRESIDENCIAIS DE 2022,METRГғвҖңPOLES,HTTPS://WWW.METROPOLES.COM/PROJETO-COMPROVA/POST-TIRA-VIDEO-CONTEXTO-PARA-ALEGAR-FRAUDE-ELEICOES-2022,FALSO,2024-10-11 07:00:00,,"['EleiГғВ§ГғВЈo', '2022', 'EleiГғВ§ГғВөes presidenciais brasileiras, 2022', 'Presidente', 'EleiГғВ§ГғВөes presidenciais', 'Fraude']"
BOULOS COMETEU CRIME ELEITORAL AO VOTAR COM A FAMГғВҚLIA,PROJETO COMPROVA,HTTPS://PROJETOCOMPROVA.COM.BR/PUBLICA%C3%A7%C3%B5ES/BOULOS-NAO-COMETEU-CRIME-ELEITORAL-AO-VOTAR-COM-A-FAMILIA-AVALIAM-ESPECIALISTAS/,VERDADEIRO,2024-10-09 07:00:00,HTTPS://ENCRYPTED-TBN2.GSTATIC.COM/IMAGES?Q=TBN:AND9GCQHIGJQLQBGWETK62GT6MOWVGSIPVVKF-JQ5D6PE2UFL-TKDETP,"['Guilherme Boulos', 'Fraude eleitoral', 'VotaГғВ§ГғВЈo', 'EleiГғВ§ГғВЈo']"
"RODRIGO PACHECO FOI CHAMADO DE ГўвӮ¬Е“TRAIDORГўвӮ¬Вқ AO VOTAR NAS ELEIГғвҖЎГғвҖўES MUNICIPAIS NESTE DOMINGO, 6",ESTADГғЖ’O,HTTPS://WWW.ESTADAO.COM.BR/ESTADAO-VERIFICA/ELEITORES-CHAMAM-RODRIGO-PACHECO-DE-TRAIDOR-ENGANOSO-2022/,FALSO,2024-10-08 07:00:00,HTTPS://ENCRYPTED-TBN1.GSTATIC.COM/IMAGES?Q=TBN:AND9GCT3LPVB2U4BGAMYD0GRJF3BPIM8QJGZV0CN7PQW6LZEI19FNEEY,"['Rodrigo Pacheco', 'EleiГғВ§ГғВЈo', 'VotaГғВ§ГғВЈo', 'EleiГғВ§ГғВөes municipais no Brasil']"
"APГғвҖңS DERROTA DE BOULOS, SP TEM VГғВҒRIAS INVASГғвҖўES",PROJETO COMPROVA,HTTPS://PROJETOCOMPROVA.COM.BR/PUBLICA%C3%A7%C3%B5ES/OCUPACOES-EM-SAO-PAULO-NAO-TIVERAM-RELACAO-COM-RESULTADO-DAS-ELEICOES/,FALSO,2024-11-01 07:00:00,,"['Guilherme Boulos', 'SГғВЈo Paulo']"
PT ELEGEU APENAS 46 PREFEITOS NA ELEIГғвҖЎГғЖ’O MUNICIPAL DE 2024,AOS FATOS,HTTPS://WWW.AOSFATOS.ORG/NOTICIAS/PT-ELEGEU-248-PREFEITOS-NAO-46/,FALSO,2024-10-07 07:00:00,HTTPS://ENCRYPTED-TBN1.GSTATIC.COM/IMAGES?Q=TBN:AND9GCQCALSQHJXXOFBQICTL_A-S_TL1L74T2ZB4BUBCMBF-AVWJVOZS,"['Partido dos Trabalhadores', 'EleiГғВ§ГғВЈo', 'Partido dos Trabalhadores', 'Prefeito', 'EleiГғВ§ГғВөes municipais no Brasil em 2024', 'EleiГғВ§ГғВЈo municipal', '2024']"
NГғЖ’O ГғвҖ° POSSГғВҚVEL RECONTAGEM DE VOTOS E A POPULAГғвҖЎГғЖ’O NГғЖ’O PODE AUDITAR AS ELEIГғвҖЎГғвҖўES,AOS FATOS,HTTPS://WWW.AOSFATOS.ORG/NOTICIAS/FALSO-ELEICOES-BRASIL-NAO-SAO-AUDITAVEIS-NEM-PERMITEM-RECONTAGEM/,FALSO,2024-10-07 07:00:00,HTTPS://ENCRYPTED-TBN2.GSTATIC.COM/IMAGES?Q=TBN:AND9GCT6JL2SM71TBVHDLGGKOIMROJJRFAM8BDE__IYH3S-17JBO_P38,"['VotaГғВ§ГғВЈo', 'EleiГғВ§ГғВЈo']"
CANDIDATO A PREFEITO QUE FEZ CHUVA DE DINHEIRO PARA ELEITORES NO AMAZONAS E FOI PRESO EM FLAGRANTE PELA PF ГғвҖ° DO PT,UOL NOTГғВҚCIAS,HTTPS://NOTICIAS.UOL.COM.BR/CONFERE/ULTIMAS-NOTICIAS/2024/10/05/CANDIDATO-PRESO-POR-DISTRIBUIR-DINHEIRO-NO-AM-NAO-E-DO-PT.HTM,FALSO,2024-10-05 07:00:00,HTTPS://ENCRYPTED-TBN3.GSTATIC.COM/IMAGES?Q=TBN:AND9GCTPXRDNX4WF_NMVLQ8SL-K4D4UXYEOJ_CB2ODLR855SFDU9OM4U,"['Candidato', 'Dinheiro', 'PrisГғВЈo', 'EleiГғВ§ГғВЈo', 'Amazonas', 'Prefeito', 'Departamento de PolГғВӯcia Federal', 'PolГғВӯcia Federal', 'Chuva']"
DIГғВҒLOGO MOSTRA QUE MORAES CONVERSOU COM ENGENHEIRO DA ORACLE PARA FRAUDAR ELEIГғвҖЎГғвҖўES,AOS FATOS,HTTPS://WWW.AOSFATOS.ORG/NOTICIAS/DIALOGO-FALSO-MORAES-ENGENHEIRO-ORACLE-FRAUDE-2022/,FALSO,2024-10-05 07:00:00,HTTPS://ENCRYPTED-TBN0.GSTATIC.COM/IMAGES?Q=TBN:AND9GCQHUOYOOHRLBDPFZPFFVC6XGJELBZLDGKVMNV3YWCP-WLO2XJDP,"['Alexandre de Moraes', 'Fraude', 'EleiГғВ§ГғВЈo', 'Oracle Corporation', 'DiГғВЎlogo', 'Engenheiro']"
"ELES VГғЖ’O *FRAUDAR* NOVAMENTE AS *ELEIГғвҖЎГғвҖўES,* SE PREPAREM: *BOULOS SERГғВҒ ELEITO EM SГғЖ’O PAULO.* A *FRAUDE* ESTARГғВҒ NA URNA NO *MOMENTO DA SUA VOTAГғвҖЎГғЖ’O.* A QUESTГғЖ’O ГғвҖ°: *NГғЖ’O CONFUNDIR CONFIRA* COM *CONFIRMA.",BOATOS.ORG,HTTPS://WWW.BOATOS.ORG/POLITICA/VAO-FRAUDAR-ELEICOES-PARA-BOULOS-GANHAR-COM-TECLA-CONFIRA-SEU-VOTO-NAS-URNAS.HTML,FALSO,2024-10-02 07:00:00,HTTPS://ENCRYPTED-TBN3.GSTATIC.COM/IMAGES?Q=TBN:AND9GCQEZPAIGOPOADVVAH7FNWM90WR3YTAY0GCKRQPQWVWVGAS5HRQR,"['VotaГғВ§ГғВЈo', 'EleiГғВ§ГғВЈo', 'Guilherme Boulos', 'Fraude', 'Urna eleitoral', 'SГғВ©', 'SГғВЈo Paulo']"
MARГғвҖЎAL TERIA EXAGERADO A GRAVIDADE DE SUA CONDIГғвҖЎГғЖ’O APГғвҖңS SOFRER UMA AGRESSГғЖ’O EM DEBATE ELEITORAL,UOL NOTГғВҚCIAS,HTTPS://NOTICIAS.UOL.COM.BR/COMPROVA/ULTIMAS-NOTICIAS/2024/09/25/ENTENDA-O-E-A-PULSEIRA-VERDE-DADA-EM-ATENDIMENTO-HOSPITALAR-A-MARCAL.HTM,VERDADEIRO,2024-09-25 07:00:00,HTTPS://ENCRYPTED-TBN0.GSTATIC.COM/IMAGES?Q=TBN:AND9GCQETF6MJXTLOOH3Q-POL2CJ2J5TQ_KKP-KVF3JNLRIZSKTJTPHU,"['Pablo MarГғВ§al', 'EleiГғВ§ГғВЈo', 'Debate eleitoral', 'AgressГғВЈo', 'Debate']"
VOTAГғвҖЎГғЖ’O NAS ELEIГғвҖЎГғвҖўES MUNICIPAIS DE 2024 SERVIRГғВҒ COMO PROVA DE VIDA PARA INSS,AFP CHECAMOS,HTTPS://CHECAMOS.AFP.COM/DOC.AFP.COM.36GQ8EW,FALSO,2024-09-20 07:00:00,HTTPS://ENCRYPTED-TBN0.GSTATIC.COM/IMAGES?Q=TBN:AND9GCSG-FBUR6EBFA1SLBMZ552U8PRC882YPSQAZKCDAR_AZPZPNN8F,"['VotaГғВ§ГғВЈo', 'EleiГғВ§ГғВЈo', 'INSS', 'Instituto Nacional do Seguro Social', 'EleiГғВ§ГғВөes municipais no Brasil em 2024', '2024', 'EleiГғВ§ГғВөes municipais no Brasil']"
"LULA CONFESSANDO EM VГғВҚDEO QUE SГғвҖң GANHOU AS ELEIГғвҖЎГғвҖўES PORQUE O POVO NORDESTINO ГғвҖ° ANALFABETO ""EU SГғвҖң GANHEI AS ELEIГғвҖЎГғвҖўES DELE PORQUE O POVO NORDESTINO ГғвҖ° ANALFABETO"".",BOATOS.ORG,HTTPS://WWW.BOATOS.ORG/POLITICA/LULA-DISSE-QUE-GANHOU-AS-ELEICOES-PORQUE-POVO-NORDESTINO-E-ANALFABETO.HTML,FALSO,2024-09-18 07:00:00,HTTPS://ENCRYPTED-TBN3.GSTATIC.COM/IMAGES?Q=TBN:AND9GCQEZPAIGOPOADVVAH7FNWM90WR3YTAY0GCKRQPQWVWVGAS5HRQR,"['Luiz InГғВЎcio Lula da Silva', 'EleiГғВ§ГғВЈo', 'O Povo', 'VГғВӯdeo']"
JUSTIГғвҖЎA ELEITORAL PUBLICOU NAS REDES QUE VOTO SERVIRГғВҒ COMO PROVA DE VIDA JUNTO AO INSS.,ESTADГғЖ’O,HTTPS://WWW.ESTADAO.COM.BR/ESTADAO-VERIFICA/VOTO-ELEICOES-PROVA-DE-VIDA-INSS/,FALSO,2024-09-18 07:00:00,HTTPS://ENCRYPTED-TBN3.GSTATIC.COM/IMAGES?Q=TBN:AND9GCR8K6-JMINRFVHJS4LWPBTPDRQ75VFABEJPCFYJZEAULCEKFVVJ,"['Instituto Nacional do Seguro Social', 'EleiГғВ§ГғВЈo', 'VotaГғВ§ГғВЈo', 'INSS', 'JustiГғВ§a Eleitoral do Brasil', 'Rede de computadores']"
SГғвҖң O BRASIL USA URNAS ELETRГғвҖқNICAS,ESTADГғЖ’O,HTTPS://WWW.ESTADAO.COM.BR/ESTADAO-VERIFICA/APENAS-BRASIL-URNA-ELETRONICA-FALSO/,FALSO,2024-10-08 07:00:00,HTTPS://ENCRYPTED-TBN2.GSTATIC.COM/IMAGES?Q=TBN:AND9GCQBQ5BRLSBSBQBN7XEKXSQCVE7LPWUSSRHYYODDXCJ3CD3DCWUV,"['Urna eletrГғВҙnica', 'Urna eleitoral', 'Brasil']"
"COM 97,63% DAS URNAS APURADAS, BOLSONARO ESTAVA COM 55,38% DOS VOTOS, ENQUANTO LULA TINHA SOMENTE 35,80%",ESTADГғЖ’O,HTTPS://WWW.ESTADAO.COM.BR/ESTADAO-VERIFICA/BOLSONARO-55-LULA-35-FRAUDE-ELEITORAL-ENGANOSO/,FALSO,2024-10-05 07:00:00,HTTPS://ENCRYPTED-TBN1.GSTATIC.COM/IMAGES?Q=TBN:AND9GCQ9W-VLRLKT84T1PJZWJPO1SRMOWB9YRG7EH99CP7UJSTN8WNHY,"['Jair Bolsonaro', 'VotaГғВ§ГғВЈo', 'Luiz InГғВЎcio Lula da Silva', 'Urna eleitoral', '1963', '1955']"
VГғВҚDEO: ELON MUSK ESTГғВҒ APOIANDO PABLO MARCAL NAS ELEIГғвҖЎГғвҖўES!,BOATOS.ORG,HTTPS://WWW.BOATOS.ORG/POLITICA/ELON-MUSK-DECLAROU-APOIO-A-PABLO-MARCAL-NAS-ELEICOES-DE-2024.HTML,FALSO,2024-09-03 07:00:00,HTTPS://ENCRYPTED-TBN1.GSTATIC.COM/IMAGES?Q=TBN:AND9GCRSQCOSDKN_NO0QPUXVY95LK9SDTDQHRIFMATCO04RJX-U83KPY,"['Elon Musk', 'Pablo MarГғВ§al', 'EleiГғВ§ГғВЈo', 'VГғВӯdeo']"
CONVERSA ENTRE ALEXANDRE DE MORAES E ENGENHEIRO DA ORACLE CONFIRMA QUE HOUVE FRAUDE NAS URNAS,ESTADГғЖ’O,HTTPS://WWW.ESTADAO.COM.BR/ESTADAO-VERIFICA/ALEXANDRE-MORAES-ENGENHEIRO-ORACLE-URNAS-ELETRONICAS/,FALSO,2024-09-20 07:00:00,HTTPS://ENCRYPTED-TBN1.GSTATIC.COM/IMAGES?Q=TBN:AND9GCQYBADUVZTGM3HIEYCY9J5CQEWGIS10SVL8CCG0XUCMHW_OU8_1,"['Alexandre de Moraes', 'Fraude nas urnas eletrГғВҙnicas', 'Urna eleitoral', 'Fraude', 'Oracle Corporation']"
"TRUMP ALERTA SOBRE LOCKDOWNS, FRAUDE ELEITORAL E VARГғВҚOLA DOS MACACOS",AFP CHECAMOS,HTTPS://CHECAMOS.AFP.COM/DOC.AFP.COM.36EN9MM,FALSO,2024-08-26 07:00:00,HTTPS://ENCRYPTED-TBN0.GSTATIC.COM/IMAGES?Q=TBN:AND9GCRFZCQEKVFBEZGKVVX7UCJUY8Q3LLH3BFRXMQ1FXD0BTLQRUFL6,"['Donald Trump', 'Fraude eleitoral', 'EleiГғВ§ГғВЈo', 'Mpox', 'Fraude', 'VГғВӯrus da varГғВӯola', 'Confinamento', 'Macaco']"
TABELA COM LOGS DAS URNAS MOSTRA EM QUEM OS ELEITORES VOTARAM,AFP CHECAMOS,HTTPS://CHECAMOS.AFP.COM/DOC.AFP.COM.36ER9Y3,FALSO,2024-08-26 07:00:00,HTTPS://ENCRYPTED-TBN0.GSTATIC.COM/IMAGES?Q=TBN:AND9GCTF4SORHK2CGAF4PDJPIMYI15XFY8_WZ7OG3BXO01SNJGLUOCRB,"['Urna eleitoral', 'EleiГғВ§ГғВЈo']"
ELON MUSK DIZ QUE LULA FOI NOMEADO E NГғЖ’O ELEITO.,ESTADГғЖ’O,HTTPS://WWW.ESTADAO.COM.BR/ESTADAO-VERIFICA/MUSK-LULA-NOMEADO-ELEITO-FALSO/,FALSO,2024-08-23 07:00:00,HTTPS://ENCRYPTED-TBN2.GSTATIC.COM/IMAGES?Q=TBN:AND9GCTGZUA1YGBWEGYIQS2KZYWO7VZM53GTZ1FRW65KZ_JMXLI4ACPX,"['Luiz InГғВЎcio Lula da Silva', 'Elon Musk', 'EleiГғВ§ГғВЈo']"
PABLO MARГғвҖЎAL APARECE EM 1ГӮВә NA PESQUISA ELEITORAL DO INSTITUTO VERITГғВҒ,AFP CHECAMOS,HTTPS://CHECAMOS.AFP.COM/DOC.AFP.COM.36EN68R,FALSO,2024-08-23 07:00:00,HTTPS://ENCRYPTED-TBN0.GSTATIC.COM/IMAGES?Q=TBN:AND9GCSWWGFXJCFWICRDPJWAY0D3NZKI9NOJFVQIUVKYOWL1WKDX4AOR,"['Pablo MarГғВ§al', 'EleiГғВ§ГғВЈo', 'Instituto VeritГғВЎ', 'Pesquisa']"
O VICE-PRESIDENTE DELA [TIM WALZ] DIZ QUE ABORTO NO NONO MГғЕ S ГғвҖ° ABSOLUTAMENTE NORMAL. ELE TAMBГғвҖ°M DIZ QUE A EXECUГғвҖЎГғЖ’O DEPOIS DO NASCIMENTO ГғвҖ° OK,AOS FATOS,HTTPS://WWW.AOSFATOS.ORG/NOTICIAS/DESINFORMACAO-ELEICOES-2022-BRASIL-RESSURGE-DISCURSO-TRUMP/,FALSO,2024-09-16 07:00:00,HTTPS://ENCRYPTED-TBN2.GSTATIC.COM/IMAGES?Q=TBN:AND9GCTUUZF_PQCSC8CYDWUI6YFHQWVHJSUFX7AU0SO3BBL-ZFRR_GSN,"['Presidente', 'Vice-presidente', 'Aborto', 'MГғВӘs', 'Tim Walz', 'Setembro']"
"EM SPRINGFIELD, ELES [IMIGRANTES] ESTГғЖ’O COMENDO CACHORROS, AS PESSOAS QUE VIERAM, ELES ESTГғЖ’O COMENDO GATOS. ELES ESTГғЖ’O COMENDO OS PETS DAS PESSOAS QUE VIVEM ALI. E ISSO ГғвҖ° O QUE ESTГғВҒ ACONTECENDO NO NOSSO PAГғВҚS",AOS FATOS,HTTPS://WWW.AOSFATOS.ORG/NOTICIAS/DESINFORMACAO-ELEICOES-2022-BRASIL-RESSURGE-DISCURSO-TRUMP/,FALSO,2024-09-16 07:00:00,HTTPS://ENCRYPTED-TBN2.GSTATIC.COM/IMAGES?Q=TBN:AND9GCTUUZF_PQCSC8CYDWUI6YFHQWVHJSUFX7AU0SO3BBL-ZFRR_GSN,"['PaГғВӯs', 'Gato', 'Animal de estimaГғВ§ГғВЈo', 'Cachorro']"
PARECE QUE KAMALA HARRIS ESTAVA SENDO TREINADA USANDO FONES DE OUVIDO EMBUTIDOS EM SEUS BRINCOS DURANTE O DEBATE PRESIDENCIAL DA ABC CONTRA O PRESIDENTE TRUMP,AOS FATOS,HTTPS://WWW.AOSFATOS.ORG/NOTICIAS/DESINFORMACAO-ELEICOES-2022-BRASIL-RESSURGE-DISCURSO-TRUMP/,FALSO,2024-09-16 07:00:00,HTTPS://ENCRYPTED-TBN2.GSTATIC.COM/IMAGES?Q=TBN:AND9GCTUUZF_PQCSC8CYDWUI6YFHQWVHJSUFX7AU0SO3BBL-ZFRR_GSN,"['Donald Trump', 'Kamala Harris', 'Presidente', 'Debate', 'Debate eleitoral', 'Fone de ouvido', 'Brinco', 'Orelha']"
"""LULA CONFESSA QUE GASTOU 60 BILHГғвҖўES DE DГғвҖңLARES NA COMPRA DE VOTOS PARA VENCER AS ELEIГғвҖЎГғвҖўES DE 2022""",OBSERVADOR,HTTPS://OBSERVADOR.PT/FACTCHECKS/FACT-CHECK-LULA-CONFESSA-QUE-GASTOU-60-MIL-MILHOES-DE-DOLARES-A-COMPRAR-VOTOS/,FALSO,2024-08-23 07:00:00,HTTPS://ENCRYPTED-TBN3.GSTATIC.COM/IMAGES?Q=TBN:AND9GCQOV_MHEO-5LPG4QYWWSYMKCQVBELWVUBH6SGQDSOE1UNX2YU8W,"['Luiz InГғВЎcio Lula da Silva', 'VotaГғВ§ГғВЈo', 'EleiГғВ§ГғВЈo', 'Compra e venda de votos', '2022', 'EleiГғВ§ГғВөes presidenciais brasileiras, 2022', 'Um bilhГғВЈo']"
"SEU PRESIDENTE FOI NOMEADO E NГғЖ’O ELEITO, DIZ ELON MUSK A BRASILEIROS",PROJETO COMPROVA,HTTPS://PROJETOCOMPROVA.COM.BR/PUBLICA%C3%A7%C3%B5ES/VIDEO-MENTE-AO-AFIRMAR-QUE-MUSK-TERIA-DITO-QUE-LULA-FOI-NOMEADO-E-NAO-ELEITO/,FALSO,2024-08-22 07:00:00,,"['Elon Musk', 'EleiГғВ§ГғВЈo', 'Presidente', 'Brasil']"
"A GENTE ESTГғВҒ FALANDO DE UMA ELEIГғвҖЎГғЖ’O EM QUE A GENTE TEM CANDIDATOS COM HISTГғвҖңRICOS MUITO PESADOS. GENTE [PABLO MARГғвҖЎAL] QUE JГғВҒ FOI CONDENADO POR ROUBAR APOSENTADORIA DE IDOSO, GENTE QUE RESPONDE POR CRIME DE HOMICГғВҚDIO.",AOS FATOS,HTTPS://WWW.AOSFATOS.ORG/NOTICIAS/RODA-VIVA-TABATA-AMARAL/,FALSO,2024-08-20 07:00:00,HTTPS://ENCRYPTED-TBN2.GSTATIC.COM/IMAGES?Q=TBN:AND9GCRAIDFU2RCKNT87TKMQY8WL64RO1LMU3ETDO8TF4KPXKHXM_M88,"['Candidato', 'EleiГғВ§ГғВЈo', 'Pablo MarГғВ§al', 'Crime', 'HistГғВіria', 'SentenГғВ§a', 'Aposentadoria', 'Idoso', 'HomicГғВӯdio']"
VENEZUELA ГўвӮ¬Е“ELEIГғвҖЎГғвҖўES 2024. NICOLAS MADURO ГғвҖ° COLOMBIANO E NГғЖ’O VENEZUELANO!ГўвӮ¬Вқ,BOATOS.ORG,HTTPS://WWW.BOATOS.ORG/MUNDO/NICOLAS-MADURO-E-COLOMBIANO-E-NAO-PODERIA-SER-PRESIDENTE-DA-VENEZUELA.HTML,FALSO,2024-08-16 07:00:00,HTTPS://ENCRYPTED-TBN3.GSTATIC.COM/IMAGES?Q=TBN:AND9GCQEZPAIGOPOADVVAH7FNWM90WR3YTAY0GCKRQPQWVWVGAS5HRQR,"['NicolГғВЎs Maduro', 'Venezuela', 'Colombianos', 'EleiГғВ§ГғВЈo presidencial na Venezuela em 2024', 'EleiГғВ§ГғВЈo', '2024']"
LULA CONFESSA QUE GASTOU 60 BILHГғвҖўES COMPRANDO VOTOS NAS ELEIГғвҖЎГғвҖўES DE 2022,AFP CHECAMOS,HTTPS://CHECAMOS.AFP.COM/DOC.AFP.COM.36E742V,FALSO,2024-08-12 07:00:00,HTTPS://ENCRYPTED-TBN3.GSTATIC.COM/IMAGES?Q=TBN:AND9GCTXQGGEQWCSLHDNX-I8NN4NYVE_6AW9KQTQJFYJCWXB1U6P4_W5,"['Luiz InГғВЎcio Lula da Silva', 'EleiГғВ§ГғВЈo', 'VotaГғВ§ГғВЈo', 'EleiГғВ§ГғВөes presidenciais brasileiras, 2022', '2022']"
MORTOS VOTARAM NA ELEIГғвҖЎГғЖ’O DE 2022 E SITE REVELA VOTOS,PROJETO COMPROVA,HTTPS://PROJETOCOMPROVA.COM.BR/PUBLICA%C3%A7%C3%B5ES/VIDEO-MOSTRA-SITE-FALSO-PARA-ALEGAR-QUE-MORTOS-TERIAM-VOTADO-NAS-ELEICOES-DE-2022/,FALSO,2024-08-06 07:00:00,,"['VotaГғВ§ГғВЈo', 'EleiГғВ§ГғВЈo', 'EleiГғВ§ГғВөes presidenciais brasileiras, 2022', '2022', 'Morte']"
PROTESTO DE INDГғВҚGENAS VENEZUELANOS CONTRA NICOLГғВҒS MADURO APГғвҖңS ELEIГғвҖЎГғЖ’O DE 2024,AFP CHECAMOS,HTTPS://CHECAMOS.AFP.COM/DOC.AFP.COM.36AN3LW,FALSO,2024-08-05 07:00:00,HTTPS://ENCRYPTED-TBN2.GSTATIC.COM/IMAGES?Q=TBN:AND9GCTPEYKJCKYIH3EYA1B3QWFYBPYARLC-9L19UOAMSOUND6MZP1CO,"['NicolГғВЎs Maduro', 'Venezuela', 'IndГғВӯgenas', 'Protesto', 'EleiГғВ§ГғВЈo', '2024']"
LULA DISSE QUE COMPROU VOTOS PARA VENCER AS ELEIГғвҖЎГғвҖўES DE 2022,ESTADГғЖ’O,HTTPS://WWW.ESTADAO.COM.BR/ESTADAO-VERIFICA/LULA-CONTA-COMO-COMPROU-TODOS-ELEICAO-2022/,FALSO,2024-08-05 07:00:00,HTTPS://ENCRYPTED-TBN0.GSTATIC.COM/IMAGES?Q=TBN:AND9GCTFRR-PMMEKFLHG4E77NG6OFRMUVX8IWF1AMCMJSN_AFDOZYJBL,"['Luiz InГғВЎcio Lula da Silva', 'EleiГғВ§ГғВЈo', 'VotaГғВ§ГғВЈo', '2022', 'EleiГғВ§ГғВөes presidenciais brasileiras, 2022']"
LULA CONFESSOU QUE GASTOU US$ 60 BILHГғвҖўES PARA COMPRAR VOTOS E VENCER AS ELEIГғвҖЎГғвҖўES,AOS FATOS,HTTPS://WWW.AOSFATOS.ORG/NOTICIAS/FALSO-LULA-CONFESSOU-60-BILHOES-COMPRA-DE-VOTOS/,FALSO,2024-08-05 07:00:00,HTTPS://ENCRYPTED-TBN0.GSTATIC.COM/IMAGES?Q=TBN:AND9GCTA-5EWKOPYEHYW-SR6PCU0EREF4ZY8-BQA6VTAUAD-OZZRAXIF,"['Luiz InГғВЎcio Lula da Silva', 'EleiГғВ§ГғВЈo', 'VotaГғВ§ГғВЈo', 'Estados Unidos']"
TECNГғвҖңLOGO DESAFIA O SISTEMA E REVELA COM DETALHES COMO AS URNAS FORAM FRAUDADAS. ELE EXPГғвҖўE COM DETALHES O CAMINHO DOS VOTOS ROUBADOS DE BOLSONARO,ESTADГғЖ’O,HTTPS://WWW.ESTADAO.COM.BR/ESTADAO-VERIFICA/NULOS-BRANCOS-TRANSFERIDOS-LULA-2022-FALSO/,FALSO,2024-08-27 07:00:00,HTTPS://ENCRYPTED-TBN2.GSTATIC.COM/IMAGES?Q=TBN:AND9GCQUK6ZM4GC6AAIIHDNMF14CSPW8AO-ICXAWC4QAEKZWHOJ97EKS,"['VotaГғВ§ГғВЈo', 'Urna eleitoral', 'Jair Bolsonaro', 'Curso superior de tecnologia', 'Roubo', 'Sistema']"
GRAVAГғвҖЎГғЖ’O MOSTRA TORTURA DE PESSOAS PRESAS EM PROTESTOS CONTRA A DECLAГғвҖЎГғЖ’O DA VITГғвҖңRIA DE NICOLГғВҒS MADURO PELO CNE (CONSELHO NACIONAL ELEITORAL),AOS FATOS,HTTPS://WWW.AOSFATOS.ORG/NOTICIAS/TORTURA-VENEZUELA-FILME-NETFLIX/,FALSO,2024-08-02 07:00:00,HTTPS://ENCRYPTED-TBN0.GSTATIC.COM/IMAGES?Q=TBN:AND9GCSYTVFZR5ZBSBOUG9AOEUDBTILESLBS7IEZSYL-USMAEW64S9Z_,"['Tortura', 'NicolГғВЎs Maduro', 'Conselho Nacional Eleitoral', 'EleiГғВ§ГғВЈo', 'GravaГғВ§ГғВЈo', 'Protesto']"
VГғВҚDEO DE MULTIDГғЖ’O NA VENEZUELA APГғвҖңS MADURO SER DECLARADO ELEITO,ESTADГғЖ’O,HTTPS://WWW.ESTADAO.COM.BR/ESTADAO-VERIFICA/VIDEO-MANIFESTACAO-VENEZUELA-ELEICAO-2017/,FALSO,2024-07-31 07:00:00,HTTPS://ENCRYPTED-TBN1.GSTATIC.COM/IMAGES?Q=TBN:AND9GCQS3OIKANXGWGYLFTI_B3XX6P9DM5DPSQIVZDTE9RREN-4ZD9XS,"['Venezuela', 'NicolГғВЎs Maduro', 'EleiГғВ§ГғВЈo', 'VГғВӯdeo']"
LULA GASTOU 300 BILHГғвҖўES PARA SE ELEGER,PROJETO COMPROVA,HTTPS://PROJETOCOMPROVA.COM.BR/PUBLICA%C3%A7%C3%B5ES/E-ENGANOSO-VIDEO-QUE-SUGERE-QUE-LULA-ADMITIU-GASTAR-R-300-BILHOES-PARA-SE-ELEGER/,FALSO,2024-08-08 07:00:00,HTTPS://ENCRYPTED-TBN1.GSTATIC.COM/IMAGES?Q=TBN:AND9GCR5ZNRJSHYEXCMVBVASEMKYCLO72UCIJS-1ZUTNIXEMXCRSR_EH,['Luiz InГғВЎcio Lula da Silva']
LULA ADMITIU GASTAR R$300 BILHГғвҖўES PARA SE ELEGER EM 2022,UOL NOTГғВҚCIAS,HTTPS://NOTICIAS.UOL.COM.BR/COMPROVA/ULTIMAS-NOTICIAS/2024/08/08/LULA-NAO-ADMITIU-GASTAR-R-300-BILHOES-PARA-SE-ELEGER.HTM,FALSO,2024-08-08 07:00:00,HTTPS://ENCRYPTED-TBN3.GSTATIC.COM/IMAGES?Q=TBN:AND9GCQSRIBRJZ9WZNCVC8UYNORAL1HEC9O825MOQCBCLQHSS0BPTVXN,"['Luiz InГғВЎcio Lula da Silva', '2022']"
PALESTINO DIZ QUE O CALIFADO IRГғВҒ CONQUISTAR PARIS APГғвҖңS ELEIГғвҖЎГғвҖўES NA FRANГғвҖЎA,AOS FATOS,HTTPS://WWW.AOSFATOS.ORG/NOTICIAS/DISCURSO-CALIFADO-CONQUISTAR-PARIS-2020-NAO-RECENTE/,FALSO,2024-07-11 07:00:00,HTTPS://ENCRYPTED-TBN3.GSTATIC.COM/IMAGES?Q=TBN:AND9GCTGAXAPT2KUCVPVZUL2EVAEKBEKOPYQO36CVRVIPKNPL2LHUQ-U,"['Califado', 'EleiГғВ§ГғВЈo', 'FranГғВ§a', 'EleiГғВ§ГғВөes na FranГғВ§a', 'Paris', 'IrГғВЈ', 'Palestinos']"
VГғВҚDEO MOSTRA HOMENS DE MADURO ROUBANDO URNAS,ESTADГғЖ’O,HTTPS://WWW.ESTADAO.COM.BR/ESTADAO-VERIFICA/HOMENS-ENCAPUZADOS-ROUBAM-URNAS-ENGANOSO/,FALSO,2024-07-31 07:00:00,HTTPS://ENCRYPTED-TBN0.GSTATIC.COM/IMAGES?Q=TBN:AND9GCTPJJ0BCKBWLFBXMQRBDNVYYTMMYTXLGKYELNS0BFGNZY2GKAHL,"['Urna eleitoral', 'NicolГғВЎs Maduro', 'VГғВӯdeo', 'Homem']"
LULA DISSE SER CONTRA CUIDAR DE POBRES PORQUE JГғВҒ TEM SEUS VOTOS NA ELEIГғвҖЎГғЖ’O,AFP CHECAMOS,HTTPS://CHECAMOS.AFP.COM/DOC.AFP.COM.34ZM3C2,FALSO,2024-06-28 07:00:00,HTTPS://ENCRYPTED-TBN3.GSTATIC.COM/IMAGES?Q=TBN:AND9GCTZRCC2ITSNEO5WA6QBDG3IUXSEWIN3ZVOZSWQUA0DQUPJLMXNY,"['Luiz InГғВЎcio Lula da Silva', 'Pobreza', 'EleiГғВ§ГғВЈo', 'VotaГғВ§ГғВЈo']"
LULA DIZ QUE POBRES SГғвҖң SГғЖ’O ГғЕЎTEIS DURANTE AS ELEIГғвҖЎГғвҖўES E QUE NГғЖ’O ГғвҖ° PRECISO CUIDAR DELES,AOS FATOS,HTTPS://WWW.AOSFATOS.ORG/NOTICIAS/FALSO-LULA-DISSE-POBRE-UTIL-ELEICOES/,FALSO,2024-06-24 07:00:00,HTTPS://ENCRYPTED-TBN0.GSTATIC.COM/IMAGES?Q=TBN:AND9GCS5AKQLMOWXGPHA8KVDMYYU4HQGMRAGL_PYEVFGFZFZY3XNASXC,"['Luiz InГғВЎcio Lula da Silva', 'EleiГғВ§ГғВЈo', 'Pobreza']"
TUDO QUE VOCГғЕ  PRECISA SABER SOBRE AS ELEIГғвҖЎГғвҖўES MUNICIPAIS DE 2024,UOL NOTГғВҚCIAS,HTTPS://NOTICIAS.UOL.COM.BR/COMPROVA/ULTIMAS-NOTICIAS/2024/06/18/O-QUE-VOCE-PRECISA-SABER-SOBRE-AS-ELEICOES-MUNICIPAIS-DE-2024.HTM,VERDADEIRO,2024-06-18 07:00:00,HTTPS://ENCRYPTED-TBN2.GSTATIC.COM/IMAGES?Q=TBN:AND9GCROAT4_RTGURHYX1JUGVJDMGBS_LNLYEPNET7QV56L0N5V1UDL9,"['EleiГғВ§ГғВЈo', 'EleiГғВ§ГғВөes municipais no Brasil', 'EleiГғВ§ГғВөes municipais no Brasil em 2024', '2024']"
VГғВҚDEO MOSTRA LOBISTAS DE SOROS SOFRENDO COM A DERROTA EM ELEIГғвҖЎГғЖ’O NA UNIГғЖ’O EUROPEIA,AOSFATOS.ORG,HTTPS://WWW.AOSFATOS.ORG/NOTICIAS/FALSO-VIDEO-LOBISTAS-SOROS-ELEICOES-PARLAMENTO-EUROPEU/,FALSO,2024-06-11 07:00:00,HTTPS://ENCRYPTED-TBN1.GSTATIC.COM/IMAGES?Q=TBN:AND9GCTKD0U35DK2EYSC8XAQ22KXZLVI1UKPSUBXZT2YGXJLGCYYIXJ9,"['George Soros', 'EleiГғВ§ГғВЈo', 'Lobby', 'UniГғВЈo Europeia', 'VГғВӯdeo', 'Europa']"
"JOE BIDEN DIZ QUE NГғЖ’O PODE VENCER ESTA ELEIГғвҖЎГғЖ’O, SГғвҖң DONALD TRUMP PODE VENCER",AFP CHECAMOS,HTTPS://CHECAMOS.AFP.COM/DOC.AFP.COM.34V44KD,FALSO,2024-06-04 07:00:00,HTTPS://ENCRYPTED-TBN3.GSTATIC.COM/IMAGES?Q=TBN:AND9GCT7WFK_VLSZJTSP3VPZFQX_E8AQAK1Q88TLTMRNDEI0TMJJ1WVK,"['Joe Biden', 'Donald Trump', 'EleiГғВ§ГғВЈo']"
"""O TRIBUNAL ELEITORAL REJEITOU O PROCESSO DE INEGILIBIDADE DO BOLSONARO! BOLSONARO DE VOLTA EM 2026!""",UOL NOTГғВҚCIAS,HTTPS://NOTICIAS.UOL.COM.BR/CONFERE/ULTIMAS-NOTICIAS/2024/05/27/E-FALSO-QUE-TSE-TENHA-TORNADO-JAIR-BOLSONARO-ELEGIVEL-PARA-2026.HTM,FALSO,2024-05-27 07:00:00,HTTPS://ENCRYPTED-TBN1.GSTATIC.COM/IMAGES?Q=TBN:AND9GCQFCFSXVND_ZJMGMRIFXLVP2Z2MUCBTXMRZAEBZV1YQLOKLPXSE,"['Jair Bolsonaro', 'Tribunal Superior Eleitoral', 'EleiГғВ§ГғВЈo', 'Tribunal', 'Processo judicial']"
"LUГғВҚS ROBERTO BARROSO DISSE QUE ГўвӮ¬Е“ELEIГғвҖЎГғЖ’O NГғЖ’O SE VENCE, SE TOMAГўвӮ¬Вқ.",ESTADГғЖ’O,HTTPS://WWW.ESTADAO.COM.BR/ESTADAO-VERIFICA/BARROSO-ELEICAO-NAO-SE-GANHA-SE-TOMA-ENGANOSO/,FALSO,2024-05-02 07:00:00,HTTPS://ENCRYPTED-TBN3.GSTATIC.COM/IMAGES?Q=TBN:AND9GCQF3XIACESOZX0H5DVFH-NRZPAAOA335SQNIDK0WNJJM8K83GIW,"['LuГғВӯs Roberto Barroso', 'EleiГғВ§ГғВЈo']"
"BOLSONARO DIZ, EM 2024, TER PROVAS QUE FOI ELEITO NO 1ГӮВә TURNO",AOS FATOS,HTTPS://WWW.AOSFATOS.ORG/NOTICIAS/FALSO-VIDEO-BOLSONARO-FRAUDE-ELEITORAL/,FALSO,2024-04-29 07:00:00,HTTPS://ENCRYPTED-TBN3.GSTATIC.COM/IMAGES?Q=TBN:AND9GCTJKUMTTJ814TO6WR0MTS2-WOWYGZ3JGL0JYKXCOO97NHGMHEUK,"['Jair Bolsonaro', 'EleiГғВ§ГғВЈo', '2024']"
ELON MUSK ENTREGA DOCUMENTOS ГғвӮ¬ AUTORIDADES DOS EUA EVIDENCIANDO INTERFERГғЕ NCIA DE ALEXANDRE DE MORES NAS ELEIГғвҖЎГғвҖўES DE 2022.,BOATOS.ORG,HTTPS://WWW.BOATOS.ORG/POLITICA/ELON-MUSK-ENTREGOU-DOCUMENTOS-A-AUTORIDADES-DOS-EUA-QUE-INCRIMINAM-ALEXANDRE-DE-MORAES.HTML,FALSO,2024-04-11 07:00:00,HTTPS://ENCRYPTED-TBN3.GSTATIC.COM/IMAGES?Q=TBN:AND9GCQEZPAIGOPOADVVAH7FNWM90WR3YTAY0GCKRQPQWVWVGAS5HRQR,"['Elon Musk', 'Documento', 'Estados Unidos', 'EleiГғВ§ГғВЈo', 'EleiГғВ§ГғВөes presidenciais brasileiras, 2022', '2022']"
TRUMP DIZ QUE HAVERГғВҒ UM BANHO DE SANGUE SE NГғЖ’O FOR ELEITO,AOS FATOS,HTTPS://WWW.AOSFATOS.ORG/NOTICIAS/VIDEO-TRUMP-BANHO-DE-SANGUE-ELEITO-EDITADO/,FALSO,2024-03-18 07:00:00,HTTPS://ENCRYPTED-TBN0.GSTATIC.COM/IMAGES?Q=TBN:AND9GCRBLLDCRJETY5USCDC7ZCQTAGMFIFTG4UWNTH0HWUG_J2C4TC3P,"['Donald Trump', 'EleiГғВ§ГғВЈo', 'Banho']"
"VIRAM O QUE ACONTECEU HOJE COM AQUELE CANDIDATO DE PORTUGAL ALIADO DE BOLSONARO QUE DISSE QUE SE CASO GANHASSE LULA NГғЖ’O ENTRARIA EM PORTUGAL? POIS ГғвҖ°, ELE GANHOU",UOL NOTГғВҚCIAS,HTTPS://NOTICIAS.UOL.COM.BR/CONFERE/ULTIMAS-NOTICIAS/2024/03/13/EXTREMA-DIREITA-NAO-VENCEU-AS-ELEICOES-EM-PORTUGAL-FICOU-EM-3.HTM,FALSO,2024-03-13 07:00:00,HTTPS://ENCRYPTED-TBN2.GSTATIC.COM/IMAGES?Q=TBN:AND9GCSZKEBZ-YSQNP6R0XHGIYLVGPFVSSLIAOHFQWOY6VPOBJJZDSKY,"['Portugal', 'Luiz InГғВЎcio Lula da Silva', 'Candidato', 'Jair Bolsonaro']"
"O PCP DEFENDE SAГғВҚDA DE PORTUGAL DO EURO E DA UNIГғЖ’O EUROPEIA? ""O SENHOR DEPUTADO ANDRГғвҖ° VENTURA VAI TER DE LER MELHOR O NOSSO PROGRAMA ELEITORAL PARA TIRAR AS CONCLUSГғвҖўES.""",OBSERVADOR,HTTPS://OBSERVADOR.PT/FACTCHECKS/FACT-CHECK-PCP-DEFENDE-SAIDA-DO-EURO-E-DA-UNIAO-EUROPEIA/,FALSO,2024-02-10 08:00:00,HTTPS://ENCRYPTED-TBN2.GSTATIC.COM/IMAGES?Q=TBN:AND9GCTOZTY-5T_NG-YF6CIRT1_CO7GO38GYWV1P_TEMUJDN6GWVNKQX,"['Partido Comunista PortuguГғВӘs', 'UniГғВЈo Europeia', 'AndrГғВ© Ventura', 'Europa', 'Portugal', 'EleiГғВ§ГғВЈo', 'Deputado']"
"Г°ЕёЕЎВЁГ°ЕёЕЎВЁLULA ACABA DE ASSINAR UM DECRETO PROIBINDO ГўвҖәвҖқ O USO DE Г°ЕёВӘвҖҳ CADEIRAS EM BARES , POIS AS CADEIRAS ACABA ATRAPALHANDO O TRABALHO DOS SEUS ELEITORES !! Г°ЕёЛңвҖҡГ°ЕёЛңвҖҡГ°ЕёЛңвҖҡ",BOATOS.ORG,HTTPS://WWW.BOATOS.ORG/POLITICA/LULA-ASSINAR-DECRETO-PROIBINDO-CADEIRAS-BARES-APOS-REACAO-ASSALTO.HTML,FALSO,2024-01-22 08:00:00,HTTPS://ENCRYPTED-TBN1.GSTATIC.COM/IMAGES?Q=TBN:AND9GCRSQCOSDKN_NO0QPUXVY95LK9SDTDQHRIFMATCO04RJX-U83KPY,"['Luiz InГғВЎcio Lula da Silva', 'Bar', 'Decreto', 'Cadeira', 'EleiГғВ§ГғВЈo']"
JAIR BOLSONARO NVAI MANDAR NO BRASIL CASO O PL VENГғвҖЎA AS ELEIГғвҖЎГғвҖўES PARA A CГғвҖҡMARA DOS DEPUTADOS; ELE NГғЖ’O ESTГғВҒ INELEGГғВҚVEL,ESTADГғЖ’O,HTTPS://WWW.ESTADAO.COM.BR/ESTADAO-VERIFICA/ELEICAO-PARA-PRESIDENCIA-DA-CAMARA-NAO-ALTERA-INELEGIBILIDADE-DE-BOLSONARO/,FALSO,2023-12-18 08:00:00,HTTPS://ENCRYPTED-TBN2.GSTATIC.COM/IMAGES?Q=TBN:AND9GCTZJBP2FVMOHE5V1ASKO0SHT0FMD4SCNAZQN6XI4-CZT4J7K57-,"['Jair Bolsonaro', 'EleiГғВ§ГғВЈo', 'Partido Liberal', 'CГғВўmara dos Deputados, Brasil', 'Brasil']"
"EM UM VГғВҚDEO QUE CIRCULA NAS REDES SOCIAIS, UM HOMEM COMENTA UMA NOTГғВҚCIA SOBRE O FATO DE O PARTIDO LIBERAL (PL) TER MANIFESTADO A INTENГғвҖЎГғЖ’O DE CONCORRER ГғвӮ¬ PRESIDГғЕ NCIA DA CГғвҖҡMARA DOS DEPUTADOS E CONCLUI QUE JAIR BOLSONARO NГғЖ’O ESTГғВҒ INELEGГғВҚVEL E QUE VAI MANDAR NO BRASIL CASO O PARTIDO DELE VENГғвҖЎA A ELEIГғвҖЎГғЖ’O INTERNA DA CASA. UMA LEGENDA ACRESCENTADA SOBRE AS IMAGENS AFIRMA QUE ГўвӮ¬Е“BOLSONARO PODE ASSUMIR A PRESIDГғЕ NCIAГўвӮ¬Вқ.",FOLHA - UOL,HTTPS://WWW1.FOLHA.UOL.COM.BR/PODER/2023/12/MESMO-SE-PL-CHEGAR-A-PRESIDENCIA-DA-CAMARA-BOLSONARO-NAO-MANDARA-NO-BRASIL-AO-CONTRARIO-DE-POST.SHTML,FALSO,2023-12-18 08:00:00,HTTPS://ENCRYPTED-TBN3.GSTATIC.COM/IMAGES?Q=TBN:AND9GCT3ECUITDFQYJ2NTFQ-ETZJM2SFGK7C_VYF1NLUYDIBQXHYVTFL,"['Jair Bolsonaro', 'Presidente da CГғВўmara dos Deputados do Brasil', 'Presidente do Brasil', 'Partido Liberal', 'CГғВўmara dos Deputados, Brasil', 'Brasil', 'EleiГғВ§ГғВЈo']"
EITAAAAAAAAAAAAA. VAMOS COMPARTILHARRRRRRRRRRR. QUE MARAVILHAAAAAAAAAAAA A UNIГғЖ’O EUROPEIA AGORA ENTROU NA BRIGA. GRAГғвҖЎAS AO TEMPO QUE GANHAMOS. AGORA LASCOU PRA ESQUERDALHA GOLPISTA NOJENTA. COMPARTILHEM O MГғВҒXIMO POSSГғВҚVEL. QUE ГғвҖ° TUDO PELA NOSSA NAГғвҖЎГғЖ’O!!!,BOATOS.ORG,HTTPS://WWW.BOATOS.ORG/POLITICA/UNIAO-EUROPEIA-PEDE-EXPLICACOES-SOBRE-URNAS-ELETRONICAS-RESULTADO-DAS-ELEICOES-BRASIL.HTML,FALSO,2024-01-03 08:00:00,HTTPS://ENCRYPTED-TBN1.GSTATIC.COM/IMAGES?Q=TBN:AND9GCRSQCOSDKN_NO0QPUXVY95LK9SDTDQHRIFMATCO04RJX-U83KPY,[]
VOTOS DE ELEITORES MORTOS DE CAMAГғвҖЎARI FORAM COMPUTADOR PARA LULA NO 2ГӮВә TURNO DAS ELEIГғвҖЎГғвҖўES DE 2022,ESTADГғЖ’O,HTTPS://WWW.ESTADAO.COM.BR/ESTADAO-VERIFICA/E-FALSO-QUE-ELEITORES-MORTOS-VOTARAM-EM-LULA-NAS-ELEICOES-DE-2022/,FALSO,2023-11-30 08:00:00,HTTPS://ENCRYPTED-TBN1.GSTATIC.COM/IMAGES?Q=TBN:AND9GCQADJCXNOPXK4F9JUUW9GNZ3CDN7EXMK22L-U91K18R3HDS421P,"['EleiГғВ§ГғВЈo', 'VotaГғВ§ГғВЈo', 'Luiz InГғВЎcio Lula da Silva', 'EleiГғВ§ГғВөes presidenciais brasileiras, 2022', '2022', 'Morte', 'Computador', 'CamaГғВ§ari']"
ALEXANDRE DE MORAES ASSUME QUE TEVE FRAUDE NAS ELEIГғвҖЎГғвҖўES PRESIDENCIAIS DE 2022,UOL NOTГғВҚCIAS,HTTPS://NOTICIAS.UOL.COM.BR/COMPROVA/ULTIMAS-NOTICIAS/2023/11/23/VIDEO-ENGANA-AO-SUGERIR-QUE-MORAES-ADMITIU-FRAUDE-NAS-ELEICOES.HTM,FALSO,2023-11-23 08:00:00,HTTPS://ENCRYPTED-TBN0.GSTATIC.COM/IMAGES?Q=TBN:AND9GCSQ17VL6JBIECJZLKQSRXPLEJU9JOJ4VAFSI2GFSLF911WMH6FR,"['Alexandre de Moraes', 'Fraude', 'EleiГғВ§ГғВЈo', 'Presidente', 'EleiГғВ§ГғВөes presidenciais brasileiras, 2022', 'EleiГғВ§ГғВөes presidenciais', '2022']"
LULA DISSE QUE SГғвҖң GANHOU AS ELEIГғвҖЎГғвҖўES PORQUE OS NORDESTINOS SГғЖ’O ANALFABETOS,AOS FATOS,HTTPS://WWW.AOSFATOS.ORG/NOTICIAS/LULA-ELEICOES-NORDESTINOS-ANALFABETOS/,FALSO,2023-11-21 08:00:00,HTTPS://ENCRYPTED-TBN3.GSTATIC.COM/IMAGES?Q=TBN:AND9GCRJYXJUBXXDO7AJP7AN7XWFV5HW60LY4HHLFI9Y5JECLIYNOXP5,"['Luiz InГғВЎcio Lula da Silva', 'EleiГғВ§ГғВЈo']"
"CLEONICE EVANGELISTA DA SILVA E RAIMUNDO GARCEZ SILVA, JГғВҒ MORTOS, VOTARAM NAS ГғЕЎLTIMAS ELEIГғвҖЎГғвҖўES",UOL NOTГғВҚCIAS,HTTPS://NOTICIAS.UOL.COM.BR/CONFERE/ULTIMAS-NOTICIAS/2023/11/13/E-FALSO-QUE-DUAS-PESSOAS-MORTAS-EM-2011-E-2016-VOTARAM-NO-LULA-EM-2022.HTM,FALSO,2023-11-13 08:00:00,HTTPS://ENCRYPTED-TBN1.GSTATIC.COM/IMAGES?Q=TBN:AND9GCRPIPYPM0PGXUVRVXU6VSPVKJ9DYIRPXJUH7L7MU0LKKWCUHWHO,"['EleiГғВ§ГғВЈo', 'Morte']"
"NA DINAMARCA, PESSOAS RECEBEM AJUDA SOCIAL SГғЖ’O IMPEDIDAS DE VOTAR",ESTADГғЖ’O,HTTPS://WWW.ESTADAO.COM.BR/ESTADAO-VERIFICA/QUEM-RECEBE-ASSISTENCIA-SOCIAL-NA-DINAMARCA-PODE-SIM-VOTAR-NAS-ELEICOES/,FALSO,2023-12-05 08:00:00,HTTPS://ENCRYPTED-TBN0.GSTATIC.COM/IMAGES?Q=TBN:AND9GCS1KXI-AUUGQ5YBKJXL6O7UHR1HR4_QUAVB_ST-AG_WCH3PXIYE,"['VotaГғВ§ГғВЈo', 'Dinamarca']"
PREFEITURA BELO HORIZONTE ANULA ELEIГғвҖЎГғЖ’O PARA CONSELHO TUTELAR POR IRREGULARIDADES EM URNAS ELETRГғвҖқNICAS DO TSE,UOL NOTГғВҚCIAS,HTTPS://NOTICIAS.UOL.COM.BR/CONFERE/ULTIMAS-NOTICIAS/2023/10/17/ELEICAO-PARA-CONSELHO-TUTELAR-EM-BH-NAO-UTILIZOU-URNAS-DA-JUSTICA-ELEITORAL.HTM,FALSO,2023-10-17 07:00:00,HTTPS://ENCRYPTED-TBN1.GSTATIC.COM/IMAGES?Q=TBN:AND9GCRH65SDTFVP7VZGXQPCC-GTSEXEDABFXCC_FR7IK0Z0J0VZSJIS,"['EleiГғВ§ГғВЈo', 'Urna eleitoral', 'Conselho Tutelar', 'Belo Horizonte', 'Tribunal Superior Eleitoral', 'Urna eletrГғВҙnica', 'Prefeitura de Belo Horizonte']"
PL VAI PEDIR ANULAГғвҖЎГғЖ’O DAS ELEIГғвҖЎГғвҖўES DE 2022,AFP CHECAMOS,HTTPS://CHECAMOS.AFP.COM/DOC.AFP.COM.33YA27K,FALSO,2023-10-17 07:00:00,HTTPS://ENCRYPTED-TBN1.GSTATIC.COM/IMAGES?Q=TBN:AND9GCTVQSENJBUXPUCFVDBQFFASVJSFSPJ7BR6F2LFXWEC_NTRIGTCE,"['EleiГғВ§ГғВЈo', 'Partido Liberal', '2022', 'EleiГғВ§ГғВөes presidenciais brasileiras, 2022']"
"PUBLICAГғвҖЎГғЖ’O COM A LEGENDA ГўвӮ¬Е“PT FAZENDO TRAMBIQUE NAS ELEIГғвҖЎГғвҖўES DO CONSELHO TUTELARГўвӮ¬Вқ. NO VГғВҚDEO, UM HOMEM CRITICA O CANCELAMENTO DAS ELEIГғвҖЎГғвҖўES PARA O CONSELHO TUTELAR DE DIADEMA E MENCIONA O PT, PARTIDO DO PREFEITO DA CIDADE, E AFIRMA QUE OCORRERAM IRREGULARIDADES EM OUTROS MUNICГғВҚPIOS DA REGIГғЖ’O.",FOLHA - UOL,HTTPS://WWW1.FOLHA.UOL.COM.BR/COTIDIANO/2023/10/ELEICAO-PARA-CONSELHEIROS-TUTELARES-EM-DIADEMA-FOI-INTERROMPIDA-POR-PROBLEMAS-NAS-URNAS.SHTML,FALSO,2023-10-06 07:00:00,HTTPS://ENCRYPTED-TBN3.GSTATIC.COM/IMAGES?Q=TBN:AND9GCT95HC2PUBHPVWWVC_RCPCSAZ6F6RCSQ_GEE4B3M1Q6IHRE7IJD,"['EleiГғВ§ГғВЈo', 'Diadema', 'Prefeito', 'Partido dos Trabalhadores', 'Partido polГғВӯtico', 'PortuguГғВӘs', 'Partido dos Trabalhadores']"
CГғвҖңDIGO-FONTE DAS URNAS SERГғВҒ ABERTO POR CONTA DE ELEIГғвҖЎГғЖ’O DO CONSELHO TUTELAR,PROJETO COMPROVA,HTTPS://PROJETOCOMPROVA.COM.BR/PUBLICA%C3%A7%C3%B5ES/ABERTURA-DO-CODIGO-FONTE-DAS-URNAS-E-PADRAO-E-NAO-TEM-RELACAO-COM-ESCOLHA-DE-CONSELHOS-TUTELARES/,FALSO,2023-10-06 07:00:00,,"['Urna eleitoral', 'EleiГғВ§ГғВЈo', 'CГғВіdigo-fonte']"
GOVERNO QUER ANULAR PARTE DA ELEIГғвҖЎГғЖ’O PARA CONSELHOS TUTELARES POIS A DIREITA VENCEU,PROJETO COMPROVA,HTTPS://PROJETOCOMPROVA.COM.BR/PUBLICA%C3%A7%C3%B5ES/MINISTRO-NAO-PEDIU-ANULACAO-DE-ELEICOES-PARA-CONSELHOS-TUTELARES-PORQUE-A-DIREITA-VENCEU/,FALSO,2023-10-04 07:00:00,,"['Conselho Tutelar', 'EleiГғВ§ГғВЈo', 'Direita', 'Governo']"
"VГғВҚDEOS E PUBLICAГғвҖЎГғвҖўES DE DEPUTADOS FEDERAIS AFIRMAM QUE O GOVERNO DE LUIZ INГғВҒCIO LULA DA SILVA (PT) TERIA DECRETADO A INSTALAГғвҖЎГғЖ’O DE BANHEIROS UNISSEX EM ESCOLAS E INSTITUIГғвҖЎГғвҖўES DE ENSINO DE TODO O BRASIL, INCLUINDO PARA MENORES DE IDADE. NAS POSTAGENS, UTILIZA-SE TAMBГғвҖ°M UMA FRASE DITA PELO PRESIDENTE DURANTE A CAMPANHA ELEITORAL DE 2022, DE QUE A IDEIA DE BANHEIRO UNISSEX TERIA ГўвӮ¬Е“SAГғВҚDO DA CABEГғвҖЎA DE SATANГғВҒSГўвӮ¬Вқ. UM DOS AUTORES DOS POSTS AINDA COLOCA QUE ГўвӮ¬Е“LULA QUER QUE SUA FILHINHA ENTRE NO MESMO BANHEIRO COM UM MARMANJO DE 40 ANOSГўвӮ¬Вқ.",FOLHA - UOL,HTTPS://WWW1.FOLHA.UOL.COM.BR/PODER/2023/09/LULA-NAO-INSTITUIU-BANHEIRO-UNISSEX-NAS-ESCOLAS.SHTML,VERDADEIRO,2023-09-29 07:00:00,HTTPS://ENCRYPTED-TBN2.GSTATIC.COM/IMAGES?Q=TBN:AND9GCREFKESDW3JRWQJOAGSECHVJAX1L1JKTZTUCL_4OA89WAOJK5ZI,"['Banheiro neutro', 'Luiz InГғВЎcio Lula da Silva', 'Unissex', 'EleiГғВ§ГғВЈo', 'Brasil', 'Deputado Federal do Brasil', 'Deputado']"
GRAMPO COM ALEXANDRE DE MORAES MOSTRA COMO LULA VENCEU AS ELEIГғвҖЎГғвҖўES,ESTADГғЖ’O,HTTPS://WWW.ESTADAO.COM.BR/ESTADAO-VERIFICA/LULA-DESEMBARGADOR-LIBERDADE-ELEICAO/,FALSO,2023-07-19 07:00:00,HTTPS://ENCRYPTED-TBN1.GSTATIC.COM/IMAGES?Q=TBN:AND9GCQ5PQI81RBCV-NVOSQ0IAYCKPPCV_BZZWNYHFEH4Z7SKFSZY_XU,"['Alexandre de Moraes', 'Luiz InГғВЎcio Lula da Silva', 'EleiГғВ§ГғВЈo']"
"POST COM IMAGENS DE TUГғВҚTES ANTIGOS EM QUE O MINISTRO FLГғВҒVIO DINO (PSB) QUESTIONA A SEGURANГғвҖЎA DAS URNAS ELETRГғвҖқNICAS. A PUBLICAГғвҖЎГғЖ’O COBRA PUNIГғвҖЎГғЖ’O DO CHEFE DA JUSTIГғвҖЎA E SEGURANГғвҖЎA PГғЕЎBLICA: ГўвӮ¬Е“VAI TER QUE EXPLICAR NA JUSTIГғвҖЎA, OU SГғвҖң VALE CONTRA O BOLSONARO?ГўвӮ¬Вқ. NA LEGENDA, O AUTOR DO POST, O DEPUTADO FEDERAL CORONEL MEIRA (PL-PE), CITA QUE ALGUMAS DAS PUBLICAГғвҖЎГғвҖўES FORAM FEITAS EM PERГғВҚODO ELEITORAL.",FOLHA - UOL,HTTPS://WWW1.FOLHA.UOL.COM.BR/PODER/2023/07/TUITES-EM-QUE-FLAVIO-DINO-CRITICA-O-SISTEMA-ELEITORAL-SAO-REAIS-MAS-ANTIGOS.SHTML,VERDADEIRO,2023-07-14 07:00:00,HTTPS://ENCRYPTED-TBN0.GSTATIC.COM/IMAGES?Q=TBN:AND9GCSFYI1TLHPSAJ7S1ETJKVG8LNOONFC4HMRATESQHPWBN-SCBD2U,"['FlГғВЎvio Dino', 'EleiГғВ§ГғВЈo', 'Ministro', 'Jair Bolsonaro', 'Deputado Federal do Brasil', 'Deputado', 'Coronel Meira', 'Partido Socialista Brasileiro', 'Partido Liberal']"
GILMAR MENDES DIZ QUE O SISTEMA ELETRГғвҖқNICO DE VOTAГғвҖЎГғЖ’O TEM FALHAS E QUE MESГғВҒRIOS PODEM VOTAR PELOS ELEITORES,AOS FATOS,HTTPS://WWW.AOSFATOS.ORG/NOTICIAS/VIDEO-GILMAR-MENDES-MESARIO-PIANISTA/,FALSO,2023-07-14 07:00:00,HTTPS://ENCRYPTED-TBN2.GSTATIC.COM/IMAGES?Q=TBN:AND9GCS7DZFNP9HCQBAENPUU2NKAHE9GLBL5D7EFEPS8OMHC76X39DHN,"['Gilmar Mendes', 'MesГғВЎrio', 'EleiГғВ§ГғВЈo', 'VotaГғВ§ГғВЈo', 'EletrГғВҙnica', 'Sistema']"
ETCHEGOYEN DISSE QUE O RESULTADO DAS ELEIГғвҖЎГғвҖўES DE 2022 FOI MANIPULADO,AOS FATOS,HTTPS://WWW.AOSFATOS.ORG/NOTICIAS/FALSO-ETCHEGOYEN-RESULTADO-MANIPULADO-ELEICOES-2022/,FALSO,2023-07-05 07:00:00,HTTPS://ENCRYPTED-TBN0.GSTATIC.COM/IMAGES?Q=TBN:AND9GCTO41STG8NF5WB_ECAMAMEOBTEITZYVIAQP2FMS0YTAUTXUEVT4,"['SГғВ©rgio Etchegoyen', 'EleiГғВ§ГғВЈo', '2022', 'EleiГғВ§ГғВөes presidenciais brasileiras, 2022', 'Resultado']"
"""EUA PROVAM A VITГғвҖңRIA DE BOLSONARO E A FRAUDE DOS ESQUERDOPATAS ГўвӮ¬вҖқ O SATANГғвҖңIDE [LULA DA SILVA] NГғЖ’O ГғвҖ° PRESIDENTE DO BRASIL.""",OBSERVADOR,HTTPS://OBSERVADOR.PT/FACTCHECKS/FACT-CHECK-EUA-PROVARAM-QUE-BOLSONARO-VENCEU-AS-ULTIMAS-ELEICOES-PRESIDENCIAIS-DO-BRASIL/,FALSO,2023-07-26 07:00:00,HTTPS://ENCRYPTED-TBN3.GSTATIC.COM/IMAGES?Q=TBN:AND9GCQOV_MHEO-5LPG4QYWWSYMKCQVBELWVUBH6SGQDSOE1UNX2YU8W,"['Jair Bolsonaro', 'Presidente', 'Estados Unidos', 'Brasil', 'Luiz InГғВЎcio Lula da Silva', 'Presidente do Brasil', 'Fraude']"
"""O PESSOAL SE SENSIBILIZOU E OS NГғЕЎMEROS SГғЖ’O IMPRESSIONANTES"", DIZ HOMEM AO MOSTRAR DADOS DE DOAГғвҖЎГғвҖўES DE CAMPANHA ELEITORAL COMO SE FOSSEM PIX PARA BOLSONARO",UOL NOTГғВҚCIAS,HTTPS://NOTICIAS.UOL.COM.BR/CONFERE/ULTIMAS-NOTICIAS/2023/06/28/SITE-DO-TSE-MOSTRA-DOACOES-DE-CAMPANHA-ELEITORAL-NAO-DE-PIX-DE-BOLSONARO.HTM,FALSO,2023-06-28 07:00:00,HTTPS://ENCRYPTED-TBN2.GSTATIC.COM/IMAGES?Q=TBN:AND9GCTHXRFSS0EQU1YELL7VBPYT8EFOB5RQC8FDURWLWRBJP4YMLTPV,"['Jair Bolsonaro', 'PIX', 'Campanha eleitoral', 'EleiГғВ§ГғВЈo', 'DoaГғВ§ГғВЈo', 'NГғВәmero', 'Dados', 'Homem']"
FINANCIAL TIMES AFIRMA CATEGORICAMENTE QUE JOE BIDEN INTERFERIU NAS ELEIГғвҖЎГғвҖўES BRASILEIRAS PARA AJUDAR LULA,ESTADГғЖ’O,HTTPS://WWW.ESTADAO.COM.BR/ESTADAO-VERIFICA/FINANCIAL-TIMES-BIDEN-FAVORECEU-LULA/,FALSO,2023-06-28 07:00:00,HTTPS://ENCRYPTED-TBN3.GSTATIC.COM/IMAGES?Q=TBN:AND9GCT76BTWMBFTB2DUB3LEU_LA92XETRLONP1YCKDGDHHL1KG0ZUML,"['Joe Biden', 'EleiГғВ§ГғВЈo', 'Luiz InГғВЎcio Lula da Silva', 'Financial Times', 'Brasil']"
JORNAL BRITГғвҖҡNICO DIZ QUE GOVERNO DOS EUA INTERFERIU NA ELEIГғвҖЎГғЖ’O PARA AJUDAR LULA,PROJETO COMPROVA,HTTPS://PROJETOCOMPROVA.COM.BR/PUBLICA%C3%A7%C3%B5ES/TUITE-DISTORCE-REPORTAGEM-AO-SUGERIR-INTERVENCAO-AMERICANA-NO-RESULTADO-DAS-ELEICOES-BRASILEIRAS/,FALSO,2023-06-27 07:00:00,,"['EleiГғВ§ГғВЈo', 'Luiz InГғВЎcio Lula da Silva', 'Estados Unidos', 'Jornal']"
ALEXANDRE DE MORAES ADMITIU QUE 'HOUVE FRAUDE' NAS ELEIГғвҖЎГғвҖўES DE 2022,ESTADГғЖ’O,HTTPS://WWW.ESTADAO.COM.BR/ESTADAO-VERIFICA/ALEXANDRE-DE-MORAES-NAO-ADMITIU-FRAUDE-NAS-ELEICOES-2022-VIDEO-VIRAL-E-SOBRE-COTA-DE-GENERO/,FALSO,2023-06-15 07:00:00,HTTPS://ENCRYPTED-TBN2.GSTATIC.COM/IMAGES?Q=TBN:AND9GCTNOK4I6TETKHLRNNBVOR24ILVEAITICUPJ4ANNCPNMA248FT0B,"['Alexandre de Moraes', 'Fraude', 'EleiГғВ§ГғВЈo', '2022', 'EleiГғВ§ГғВөes presidenciais brasileiras, 2022']"
ГғвҖ° PROIBIDO ATIRAR EM LADRГғвҖўES A MENOS QUE ELES ATIREM ANTES; ГғвҖ° PROIBIDO PRENDER PESSOAS NAS ELEIГғвҖЎГғвҖўES,ESTADГғЖ’O,HTTPS://WWW.ESTADAO.COM.BR/ESTADAO-VERIFICA/LEIS-PRISOES-ELEICOES-LEGITIMA-DEFESA/,FALSO,2023-06-14 07:00:00,HTTPS://ENCRYPTED-TBN2.GSTATIC.COM/IMAGES?Q=TBN:AND9GCRTASN6SQH9LGR61FKQ12XU6WHBBJG1HM7Q0IAW2AKELRDTXH4J,"['EleiГғВ§ГғВЈo', 'Pessoa']"
ALEXANDRE DE MORAES CONFESSOU QUE HOUVE FRAUDE NAS ELEIГғвҖЎГғвҖўES,AOS FATOS,HTTPS://WWW.AOSFATOS.ORG/NOTICIAS/FALSO-MORAES-HOUVE-FRAUDE-ELEICOES-2022/,FALSO,2023-06-12 07:00:00,HTTPS://ENCRYPTED-TBN0.GSTATIC.COM/IMAGES?Q=TBN:AND9GCQYBVBB_DTNAS1O4KXRQ55TQJBJJENF1LVWNKFJQRDHOM2LNQ76,"['Alexandre de Moraes', 'Fraude', 'EleiГғВ§ГғВЈo']"
EUA PROVARAM QUE HOUVE FRAUDE NAS ELEIГғвҖЎГғвҖўES BRASILEIRAS DE 2022,AOS FATOS,HTTPS://WWW.AOSFATOS.ORG/NOTICIAS/EUA-NAO-PROVARAM-FRAUDE-ELEICOES-2022/,FALSO,2023-05-26 07:00:00,HTTPS://ENCRYPTED-TBN3.GSTATIC.COM/IMAGES?Q=TBN:AND9GCSWG3KYXLCMT1-26CQJFXAP_G_MJSHVJ1YAXN8SYM1DZTVQKL0X,"['EleiГғВ§ГғВЈo', 'Estados Unidos', 'EleiГғВ§ГғВөes presidenciais brasileiras, 2022', 'Brasil', '2022', 'Fraude']"
ELE ADMITE QUE TEVE FRAUDE,UOL NOTГғВҚCIAS,HTTPS://NOTICIAS.UOL.COM.BR/CONFERE/ULTIMAS-NOTICIAS/2023/06/13/ALEXANDRE-DE-MORAES-NAO-ADMITIU-FRAUDE-NAS-ELEICOES-DE-2022.HTM,FALSO,2023-06-13 07:00:00,HTTPS://ENCRYPTED-TBN0.GSTATIC.COM/IMAGES?Q=TBN:AND9GCSOFAVLXAORWBURX3PJAHMDYVRNGLVF1TUDSNTTCATY2TBLU-T5,['Fraude']
ALEXANDRE DE MORAES ASSUME QUE HOUVE FALHAS NAS ELEIГғвҖЎГғвҖўES,AOS FATOS,HTTPS://WWW.AOSFATOS.ORG/NOTICIAS/ALEXANDRE-MORAES-ELEICAO-FALHA-ANULADA-FALSO/,FALSO,2023-04-28 07:00:00,HTTPS://ENCRYPTED-TBN2.GSTATIC.COM/IMAGES?Q=TBN:AND9GCQ2JV9CIDWJP9HA4WMXGT8D2BT_W_LZUASY3IUUQ5YAH8KIWN1I,"['Alexandre de Moraes', 'EleiГғВ§ГғВЈo']"
DOCUMENTOS FALSOS VINDOS DA CHINA E APREENDIDOS EM CHICAGO SERVIRIAM PARA FRAUDE ELEITORAL,AOS FATOS,HTTPS://WWW.AOSFATOS.ORG/NOTICIAS/DOCUMENTOS-FALSOS-APREENDIDOS-NOS-EUA-NAO-TEM-ELEICAO-COMO-ALVO/,FALSO,2020-08-17 07:00:00,HTTPS://ENCRYPTED-TBN0.GSTATIC.COM/IMAGES?Q=TBN:AND9GCSSEH8LFPLQFQLD_ML_DTWZL0Z-FPIODNIE7CNPUKYTWSSY7GUZ,"['Fraude eleitoral', 'EleiГғВ§ГғВЈo', 'Documento', 'Fraude', 'China', 'Chicago']"
O PRESIDENTE BOLSONARO DISSE QUE CONFISCARГғВҒ APOSENTADORIAS SE FOR ELEITO,AFP CHECAMOS,HTTPS://CHECAMOS.AFP.COM/DOC.AFP.COM.32L76VD,FALSO,2022-10-11 07:00:00,HTTPS://ENCRYPTED-TBN1.GSTATIC.COM/IMAGES?Q=TBN:AND9GCSYAK6VQAKXL69TMLZZFKRMSJM-LUS0OI-BNCFN0AZY0IZ9TB0F,"['Jair Bolsonaro', 'Presidente', 'Aposentadoria', 'EleiГғВ§ГғВЈo']"
VГғВҚDEO MOSTRA RIBEIRINHOS CHEGANDO EM BELГғвҖ°M DO PARГғВҒ PARA VOTAR EM LULA NO SEGUNDO TURNO DAS ELEIГғвҖЎГғвҖўES 2022,AFP CHECAMOS,HTTPS://CHECAMOS.AFP.COM/DOC.AFP.COM.32ML72N,FALSO,2022-11-01 07:00:00,HTTPS://ENCRYPTED-TBN2.GSTATIC.COM/IMAGES?Q=TBN:AND9GCSDHATL9OXHAUZ9EL7VF5SHNUZIMYA7JBZJEUM7OMET-KMIG_9I,"['Luiz InГғВЎcio Lula da Silva', 'EleiГғВ§ГғВЈo', 'VotaГғВ§ГғВЈo', '2022', 'VГғВӯdeo', 'Ribeirinhos', 'BelГғВ©m', 'ParГғВЎ']"
VГғВҚDEO MOSTRA FRAUDE NAS ELEIГғвҖЎГғвҖўES NA FRANГғвҖЎA EM 2022,AOS FATOS,HTTPS://WWW.AOSFATOS.ORG/NOTICIAS/VIDEO-NAO-PROVA-FRAUDE-ELEICOES-FRANCA/,FALSO,2022-05-18 07:00:00,HTTPS://ENCRYPTED-TBN3.GSTATIC.COM/IMAGES?Q=TBN:AND9GCTFQRNPHPS7S7Q_ZNGYDPR584RGSJ3YHSXITTV5NJ1VG5RDIH1K,"['EleiГғВ§ГғВөes na FranГғВ§a', 'FranГғВ§a', 'EleiГғВ§ГғВЈo', 'Fraude', 'VГғВӯdeo', '2022']"
"ELEITORES DE BOLSONARO, SE FLГғВҒVIO BOLSONARO CAIR QUEM ASSUME A VAGA ГғвҖ° LINDBERGH FARIAS. ENTENDERAM PORQUE A TRAMOIA SOBRE ELE?",AOS FATOS,HTTPS://WWW.AOSFATOS.ORG/NOTICIAS/E-FALSO-QUE-LINDBERGH-ASSUME-VAGA-NO-SENADO-SE-FLAVIO-BOLSONARO-PERDER-MANDATO/,FALSO,2019-01-24 08:00:00,,"['Lindbergh Farias', 'FlГғВЎvio Bolsonaro', 'Jair Bolsonaro', 'EleiГғВ§ГғВЈo']"
"ALEXANDRE DE MORAES DECLAROU QUE SE BOLSONARO VENCER AS ELEIГғвҖЎГғвҖўES EM 2022, A CHAPA SERГғВҒ CASSADA",AOS FATOS,HTTPS://WWW.AOSFATOS.ORG/NOTICIAS/E-FALSO-QUE-ALEXANDRE-DE-MORAES-DISSE-QUE-CASSARA-CHAPA-SE-BOLSONARO-FOR-REELEITO/,FALSO,2021-11-25 08:00:00,HTTPS://ENCRYPTED-TBN0.GSTATIC.COM/IMAGES?Q=TBN:AND9GCSD9MODJ1L4KGRJC3EM16RZA62S2DRT-OM9TWCHIOSZTOKMY3P_,"['Alexandre de Moraes', 'Jair Bolsonaro', 'EleiГғВ§ГғВЈo', 'EleiГғВ§ГғВөes presidenciais brasileiras, 2022', 'CassaГғВ§ГғВЈo de direitos polГғВӯticos', '2022']"
O PRESIDENTE DA HOLANDA CONFIRMA QUE TEVE FRAUDE NA ELEIГғвҖЎГғЖ’O PRESIDENCIAL NO BRASIL,PROJETO COMPROVA,HTTPS://PROJETOCOMPROVA.COM.BR/PUBLICA%C3%A7%C3%B5ES/HOLANDA-RECONHECEU-VITORIA-DE-LULA-AO-CONTRARIO-DO-QUE-DIZ-POST/,FALSO,2022-11-21 08:00:00,,"['EleiГғВ§ГғВЈo', 'EleiГғВ§ГғВөes presidenciais', 'Presidente', 'PaГғВӯses Baixos', 'Brasil', 'Fraude']"
A CASA CAIU. O BILIONГғВҒRIO COMUNISTA GEORGE SOROS FOI PRESO NOS ESTADOS UNIDOS POR ENVOLVIMENTO EM SOFTWARES E FRAUDES NAS ELEIГғвҖЎГғвҖўES,BOATOS.ORG,HTTPS://WWW.BOATOS.ORG/MUNDO/GEORGE-SOROS-PRESO-FILADELFIA-EUA-FRAUDE-ELEICOES.HTML,FALSO,2020-12-05 08:00:00,HTTPS://ENCRYPTED-TBN1.GSTATIC.COM/IMAGES?Q=TBN:AND9GCRSQCOSDKN_NO0QPUXVY95LK9SDTDQHRIFMATCO04RJX-U83KPY,"['George Soros', 'Fraude', 'EleiГғВ§ГғВЈo', 'Estados Unidos', 'PrisГғВЈo', 'BilionГғВЎrio', 'Software', 'Casa', 'Comunismo']"
EX-PRESIDENTE DISSE QUE ELEITORES DO NORTE E NORDESTE VOTAM EM QUEM DER R$ 10 PARA ГўвӮ¬ЛңTOMAR CACHAГғвҖЎAГўвӮ¬в„ў,AOS FATOS,HTTPS://WWW.AOSFATOS.ORG/NOTICIAS/LULA-NAO-DISSE-QUE-ELEITORES-DO-NORTE-E-NORDESTE-VOTAM-EM-QUEM-DER-R-10-PARA-TOMAR-CACHACA/,FALSO,2020-08-27 07:00:00,HTTPS://ENCRYPTED-TBN1.GSTATIC.COM/IMAGES?Q=TBN:AND9GCQTPP10UAVQW1IX15KYDU9QWXTIM9KVDBTORMAMIG2Z-1KKQECV,"['Presidente', 'EleiГғВ§ГғВЈo', 'RegiГғВЈo Nordeste do Brasil', 'RegiГғВЈo Norte do Brasil']"
ELEITORES DO PT DEVEM VOTAR APENAS NA SEGUNDA-FEIRA (8),UOL NOTГғВҚCIAS,HTTPS://NOTICIAS.UOL.COM.BR/COMPROVA/ULTIMAS-NOTICIAS/2018/10/03/MENSAGEM-QUE-PEDE-A-ELEITORES-DO-PT-QUE-VOTEM-SO-NA-SEGUNDA-FEIRA-E-FALSA.HTM,FALSO,2018-10-03 07:00:00,HTTPS://ENCRYPTED-TBN3.GSTATIC.COM/IMAGES?Q=TBN:AND9GCRVZ9KLYRBFJOGNTGKKJVMRV4ACM6NS0V4BNNSLD1X88Q9R4TOS,"['Partido dos Trabalhadores', 'Partido dos Trabalhadores', 'EleiГғВ§ГғВЈo', 'VotaГғВ§ГғВЈo', 'Segunda-feira']"
TOTALIZAГғвҖЎГғЖ’O DOS VOTOS DAS ELEIГғвҖЎГғвҖўES ГғвҖ° FEITA EM SALA SECRETA,UOL NOTГғВҚCIAS,HTTPS://NOTICIAS.UOL.COM.BR/CONFERE/ULTIMAS-NOTICIAS/2022/09/02/O-QUE-E-A-SALA-COFRE-DO-TSE-E-PARA-QUE-ELA-SERVE.HTM,FALSO,2022-09-02 07:00:00,HTTPS://ENCRYPTED-TBN0.GSTATIC.COM/IMAGES?Q=TBN:AND9GCTJ0WWHQQH4W4VTNDLMQYDMWGAH47FCFTV0ORSL-XBHX8ZIR1S6,"['EleiГғВ§ГғВЈo', 'VotaГғВ§ГғВЈo']"
ГғВҒUDIO DE LUANA PIOVANI SOBRE AS ELEIГғвҖЎГғвҖўES DE 2022,UOL NOTГғВҚCIAS,HTTPS://NOTICIAS.UOL.COM.BR/CONFERE/ULTIMAS-NOTICIAS/2022/08/15/AUDIO-LUANA-PIOVANI-ELEICOES-2018.HTM,FALSO,2022-08-15 07:00:00,HTTPS://ENCRYPTED-TBN1.GSTATIC.COM/IMAGES?Q=TBN:AND9GCSDRXYGD0XFOKRLVNIV1OP6SX6UJOHZHQA43LNTOQYV_OZ-YE3Y,"['Luana Piovani', 'EleiГғВ§ГғВЈo', '2022', 'EleiГғВ§ГғВөes presidenciais brasileiras, 2022']"
HГғВҒ UM ZUMBIDO DE QUE A CNN TEM EM SEU PODER OS CГғвҖңDIGOS-FONTE DA APURAГғвҖЎГғЖ’O DO RESULTADO DA ELEIГғвҖЎГғЖ’O PRESIDENCIAL COM A PROVA DE QUE BOLSONARO FOI O ELEITO,BOATOS.ORG,HTTPS://WWW.BOATOS.ORG/POLITICA/CNN-TEM-OS-CODIGOS-FONTE-DAS-URNAS-QUE-PROVAM-VITORIA-DE-BOLSONARO-EM-2022.HTML,FALSO,2023-04-23 07:00:00,HTTPS://ENCRYPTED-TBN1.GSTATIC.COM/IMAGES?Q=TBN:AND9GCRSQCOSDKN_NO0QPUXVY95LK9SDTDQHRIFMATCO04RJX-U83KPY,"['Jair Bolsonaro', 'CNN Brasil', 'CГғВіdigo-fonte', 'EleiГғВ§ГғВЈo', 'Presidente', 'EleiГғВ§ГғВөes presidenciais', 'Resultado', 'Acufeno']"
"BIDEN INTERFERIU NAS ELEIГғвҖЎГғвҖўES BRASILEIRAS, DIZ FOX NEWS",PROJETO COMPROVA,HTTPS://PROJETOCOMPROVA.COM.BR/PUBLICA%C3%A7%C3%B5ES/E-FALSO-QUE-JORNALISTA-AMERICANO-TENHA-PROVADO-INFLUENCIA-DE-BIDEN-NA-ELEICAO-BRASILEIRA/,FALSO,2022-11-04 07:00:00,,"['EleiГғВ§ГғВЈo', 'Joe Biden', 'Brasil', 'Fox News Channel']"
TRUMP VENCEU AS ELEIГғвҖЎГғвҖўES DE MEIO MANDATO NOS EUA EM 2022,AFP CHECAMOS,HTTPS://CHECAMOS.AFP.COM/DOC.AFP.COM.32N887G,FALSO,2022-11-09 08:00:00,HTTPS://ENCRYPTED-TBN0.GSTATIC.COM/IMAGES?Q=TBN:AND9GCSD4LA-Q7RCMRZ2ZMF68ZGS6JDHMKHKZMHE6XMWKDSL2LJFQI_T,"['Donald Trump', 'EleiГғВ§ГғВөes de meio de mandato dos Estados Unidos', 'EleiГғВ§ГғВЈo', 'Estados Unidos', '2022']"
"COM PROVAS DE FRAUDE ELEITORAL EM MГғЖ’OS PELA AUDITORIA DO EXГғвҖ°RCITO, STM DГғВҒ AO MINISTRO ALEXANDRE DE MORAES 72 HORAS PARA EXPLICAR MANIPULAГғвҖЎГғвҖўES JURГғВҚDICAS DO TSE NAS ELEIГғвҖЎГғвҖўES DE 2022.",BOATOS.ORG,HTTPS://WWW.BOATOS.ORG/POLITICA/STM-DA-72-HORAS-PARA-ALEXANDRE-DE-MORAES-EXPLICAR-MANIPULACOES-TSE-NAS-ELEICOES-2022.HTML,FALSO,2022-11-21 08:00:00,HTTPS://ENCRYPTED-TBN3.GSTATIC.COM/IMAGES?Q=TBN:AND9GCQEZPAIGOPOADVVAH7FNWM90WR3YTAY0GCKRQPQWVWVGAS5HRQR,"['Alexandre de Moraes', 'Superior Tribunal Militar', 'Tribunal Superior Eleitoral', 'EleiГғВ§ГғВЈo', 'Fraude eleitoral', 'Fraude', 'Ministro', '2022', 'EleiГғВ§ГғВөes presidenciais brasileiras, 2022']"
"EU FUI ELEITO POR UNANIMIDADE. EU FUI ELEITO PELO PSDB, PELO PT, PELO PR, POR TODOS OS PARTIDOS QUE COMPГғвҖўEM A ASSEMBLEIA LEGISLATIVA",AGГғЕ NCIA PГғЕЎBLICA,HTTPS://ELEICOES.APUBLICA.ORG/2018/2018/09/CORRETO-ADALCLEVER-LOPES-FOI-ELEITO-PRESIDENTE-DA-ASSEMBLEIA-POR-UNANIMIDADE-EM-DUAS-OCASIOES/,VERDADEIRO,2018-09-21 07:00:00,,"['EleiГғВ§ГғВЈo', 'Partido da Social Democracia Brasileira', 'PSDB', 'Partido polГғВӯtico', 'Partido dos Trabalhadores', 'Partido Liberal', 'Partido dos Trabalhadores']"
BOLETIM DE URNA ENCONTRADO NA RUA EM CURITIBA (PARANГғВҒ) PROVA FRAUDE DE VOTOS NГғЖ’O CONTABILIZADOS PARA BOLSONARO NAS ELEIГғвҖЎГғвҖўES,BOATOS.ORG,HTTPS://WWW.BOATOS.ORG/POLITICA/BOLETIM-URNA-RUA-CURITIBA-FRAUDE-BOLSONARO.HTML,FALSO,2022-10-04 07:00:00,HTTPS://ENCRYPTED-TBN0.GSTATIC.COM/IMAGES?Q=TBN:AND9GCREAOS3XVAGI98DR81FGLEHN2SC_R7Y-M5T2ZSKWXHMA47SUFPG,"['Jair Bolsonaro', 'Urna eleitoral', 'Fraude', 'VotaГғВ§ГғВЈo', 'EleiГғВ§ГғВЈo', 'Curitiba', 'ParanГғВЎ']"
FUNCIONГғВҒRIA DO TSE RELATA A VULNERABILIDADE DO SISTEMA ELEITORAL BRASILEIRO,AFP CHECAMOS,HTTPS://CHECAMOS.AFP.COM/DOC.AFP.COM.32GR23X,FALSO,2022-08-18 07:00:00,HTTPS://ENCRYPTED-TBN2.GSTATIC.COM/IMAGES?Q=TBN:AND9GCTK25UIWQSB-GHBPITFH6JJBBANL3_PIC4MPGYHTUMQNLFQWW_S,"['Sistema eleitoral do Brasil', 'Tribunal Superior Eleitoral', 'EleiГғВ§ГғВЈo', 'FuncionГғВЎrio']"
ESTABILIDADE DAS PORCENTAGENS DE VOTOS DURANTE APURAГғвҖЎГғЖ’O EM SГғЖ’O PAULO ГғвҖ° INDГғВҚCIO DE FRAUDE ELEITORAL.,AOS FATOS,HTTPS://WWW.AOSFATOS.ORG/NOTICIAS/ESTABILIDADE-DOS-RESULTADOS-PARCIAIS-EM-SAO-PAULO-NAO-INDICA-QUE-HOUVE-FRAUDE-ELEITORAL/,FALSO,2020-11-17 08:00:00,HTTPS://ENCRYPTED-TBN2.GSTATIC.COM/IMAGES?Q=TBN:AND9GCRWT7EMR6J2MAMG_F3YERKVTCXPOSUXJGCNELEGTYZGGSZTXV3T,"['Fraude eleitoral', 'Fraude', 'EleiГғВ§ГғВЈo', 'VotaГғВ§ГғВЈo', 'SГғВЈo Paulo', 'indГғВӯcio', 'Porcentagem']"
POLICIAIS MILITARES DO DISTRITO FEDERAL DENUNCIAM FRAUDE NAS URNAS ELETRГғвҖқNICAS EM ELEIГғвҖЎГғвҖўES DE 2020,AFP CHECAMOS,HTTPS://CHECAMOS.AFP.COM/DENUNCIA-DE-POLICIAIS-SOBRE-SUPOSTO-PROBLEMA-NAS-URNAS-E-DE-2018-MAS-FOI-CONSIDERADA-INFUNDADA,FALSO,2020-10-21 07:00:00,HTTPS://ENCRYPTED-TBN1.GSTATIC.COM/IMAGES?Q=TBN:AND9GCRQTVROSYCBBAXCFNNOBHSBA_UHRG_P58FRGBP8YWJJHXWCU3XH,"['PolГғВӯcia', 'Fraude nas urnas eletrГғВҙnicas', 'EleiГғВ§ГғВЈo', 'PolГғВӯcia militar', 'ForГғВ§as armadas', '2020', 'EleiГғВ§ГғВөes municipais no Brasil, 2020', 'BrasГғВӯlia']"
ERRO DE PESQUISA MOSTRADO EM VГғВҚDEO PROVA QUE PESQUISAS ELEITORAIS SГғЖ’O FRAUDADAS,AOS FATOS,HTTPS://WWW.AOSFATOS.ORG/NOTICIAS/ERRO-MOSTRADO-EM-VIDEO-E-DE-PESQUISA-CONTRATADA-POR-CANDIDATO-EM-RONDONIA/,FALSO,2022-09-23 07:00:00,HTTPS://ENCRYPTED-TBN0.GSTATIC.COM/IMAGES?Q=TBN:AND9GCSV1T8A0VL5XZ5GKFZ0D-GUSF482CFQN_HRY9WBQAF6_0H8SYXL,"['Pesquisa', 'EleiГғВ§ГғВЈo', 'Erro', 'VГғВӯdeo']"
"TRE SUSPENDEU O RESULTADO DAS ELEIГғвҖЎГғвҖўES NO SITE E NO APLICATIVO, APENAS EM QUEIMADOS!",O GLOBO,HTTPS://OGLOBO.GLOBO.COM/FATO-OU-FAKE/E-FAKE-QUE-TRE-RJ-SUSPENDEU-RESULTADO-DA-ELEICAO-EM-QUEIMADOS-24771514,FALSO,2020-11-29 08:00:00,HTTPS://ENCRYPTED-TBN0.GSTATIC.COM/IMAGES?Q=TBN:AND9GCTNTMQ7CKML-M5ZH7UUM71ZPXX8UR0I2DNZLAD7ZAYEIAKNJLYO,"['EleiГғВ§ГғВЈo', 'Queimados']"
VГғВҚDEO MOSTRA PRESIDIГғВҒRIOS COMEMORANDO VITГғвҖңRIA DE LULA NO 1ГӮВә TURNO DAS ELEIГғвҖЎГғвҖўES,BOATOS.ORG,HTTPS://WWW.BOATOS.ORG/POLITICA/VIDEO-MOSTRA-PRESIDIARIOS-COMEMORANDO-VITORIA-LULA-NO-1O-TURNO-ELEICOES.HTML,FALSO,2022-10-10 07:00:00,HTTPS://ENCRYPTED-TBN3.GSTATIC.COM/IMAGES?Q=TBN:AND9GCQEZPAIGOPOADVVAH7FNWM90WR3YTAY0GCKRQPQWVWVGAS5HRQR,"['Luiz InГғВЎcio Lula da Silva', 'EleiГғВ§ГғВЈo', 'VГғВӯdeo']"
"TUГғВҚTE REPRODUZ PARTICIPAГғвҖЎГғЖ’O DO COMENTARISTA MATTHEW TYRMAND NO PROGRAMA TUCKER CARLSON TONIGHT, DA EMISSORA FOX NEWS, DOS ESTADOS UNIDOS. NO VГғВҚDEO, TYRMAND COMENTA OS ATOS AO REDOR DO BRASIL QUE CONTESTAM, SEM EVIDГғЕ NCIAS, O RESULTADO DAS ELEIГғвҖЎГғвҖўES PRESIDENCIAIS, DIZENDO SE TRATAR DO ГўвӮ¬Е“MAIOR PROTESTO DEMOCRГғВҒTICO E POSSIVELMENTE ATГғвҖ° DA HUMANIDADEГўвӮ¬Вқ.",FOLHA - UOL,HTTPS://WWW1.FOLHA.UOL.COM.BR/PODER/2022/12/NAO-E-POSSIVEL-AFIRMAR-QUE-ATOS-ANTIDEMOCRATICOS-CONTRA-RESULTADO-DAS-ELEICOES-SAO-O-MAIOR-PROTESTO-DA-HISTORIA.SHTML,FALSO,2022-12-07 08:00:00,HTTPS://ENCRYPTED-TBN3.GSTATIC.COM/IMAGES?Q=TBN:AND9GCQBCJZG9INC4DWHW9JQONWBNI-I2KTYLUPGQWSUZH_HZJ94ULY-,"['EleiГғВ§ГғВЈo', 'Democracia', 'Presidente', 'Brasil', 'EleiГғВ§ГғВөes presidenciais', 'Estados Unidos', 'Comentarista', 'Tucker Carlson Tonight']"
"ГўвӮ¬Е“FRAUDE NAS URNAS DO NORDESTE JГғВҒ ГғвҖ° NOTГғВҚCIA NO EXTERIOR URGENTE: PERITOS FORENSES ALERTAM PARA ГўвӮ¬Е“BANDEIRAS VERMELHASГўвӮ¬Вқ NO PRIMEIRO TURNO DA ELEIГғвҖЎГғЖ’O PRESIDENCIAL BRASILEIRA, CITANDO ANOMALIAS ESTATГғВҚSTICAS DETECTADAS PELA LEI DE BENFORDГўвӮ¬Вқ.",BOATOS.ORG,HTTPS://WWW.BOATOS.ORG/POLITICA/FRAUDE-NAS-URNAS-NORDESTE-FOI-COMPROVADA-E-E-NOTICIA-NO-EXTERIOR.HTML,FALSO,2022-11-02 07:00:00,HTTPS://ENCRYPTED-TBN3.GSTATIC.COM/IMAGES?Q=TBN:AND9GCQEZPAIGOPOADVVAH7FNWM90WR3YTAY0GCKRQPQWVWVGAS5HRQR,"['Fraude nas urnas eletrГғВҙnicas', 'Urna eleitoral', 'NotГғВӯcia', 'EleiГғВ§ГғВЈo', 'Presidente', 'EleiГғВ§ГғВөes presidenciais', 'Lei de Benford', 'Brasil', 'Bandeira']"
"APLICATIVO PARDAL, DA JUSTIГғвҖЎA ELEITORAL, PROГғВҚBE DENГғЕЎNCIAS CONTRA O PT",AOS FATOS,HTTPS://WWW.AOSFATOS.ORG/NOTICIAS/PARDAL-TSE-NAO-IMPEDE-DENUNCIAS-CONTRA-PT/,FALSO,2022-10-28 07:00:00,HTTPS://ENCRYPTED-TBN2.GSTATIC.COM/IMAGES?Q=TBN:AND9GCTXYQAJVHW1JWGB4JZF-SFPI4DG-WTVB490HPPFA_B3H1EWDTYN,"['Partido dos Trabalhadores', 'Partido dos Trabalhadores', 'Tribunal Superior Eleitoral', 'EleiГғВ§ГғВЈo', 'DenГғВәncia']"
CABRAL ACUSOU DIAS TOFFOLI DE RECEBER R$ 3 MILHГғвҖўES PARA ALTERAR VOTOS DE ELEITORES,AOS FATOS,HTTPS://WWW.AOSFATOS.ORG/NOTICIAS/CABRAL-NAO-ACUSOU-TOFFOLI-DE-RECEBER-R-3-MILHOES-PARA-ALTERAR-VOTOS-DE-ELEITORES/,FALSO,2021-08-10 07:00:00,,"['JosГғВ© Antonio Dias Toffoli', 'SГғВ©rgio Cabral Filho', 'VotaГғВ§ГғВЈo', 'EleiГғВ§ГғВЈo']"
"LULA DIZ EM JANTAR COM ALIADOS QUE NEM DEUS TIRA ESSA ELEIГғвҖЎГғЖ’O DELE, DIZ G1",PROJETO COMPROVA,HTTPS://PROJETOCOMPROVA.COM.BR/PUBLICA%C3%A7%C3%B5ES/G1-NAO-PUBLICOU-MATERIA-NA-QUAL-LULA-AFIRMA-QUE-NEM-DEUS-TIRA-ESSA-ELEICAO-DA-GENTE/,FALSO,2022-10-06 07:00:00,,"['Luiz InГғВЎcio Lula da Silva', 'EleiГғВ§ГғВЈo', 'g1', 'Deus', 'Jantar']"
APRENDENDO COM LULA COMO OFENDER SEUS PRГғвҖңPRIOS ELEITORES. JUMENTO ANDANDO DE MOTO OU DE CARRO?,UOL NOTГғВҚCIAS,HTTPS://NOTICIAS.UOL.COM.BR/CONFERE/ULTIMAS-NOTICIAS/2023/04/23/LULA-NAO-CHAMOU-ELEITORES-DE-JUMENTOS-EM-EVENTO.HTM,FALSO,2023-04-23 07:00:00,HTTPS://ENCRYPTED-TBN3.GSTATIC.COM/IMAGES?Q=TBN:AND9GCQF3K23VWSJCGOP1O6IEDEWBN8ED7GTIMK0SRLTRAYE2OM0AUIL,"['Luiz InГғВЎcio Lula da Silva', 'EleiГғВ§ГғВЈo', 'Asno', 'Motocicleta', 'AutomГғВіvel']"
"A POLГғВҚCIA FEDERAL E EXГғвҖ°RCITO, ACABAM DE CONFIRMAR, COM PROVAS INCONTESTE, QUE AS ELEIГғвҖЎГғвҖўES FORAM FRAUDADAS EM PARTE DA REGIГғЖ’O NORTE E EM TODO O NORDESTE",BOATOS.ORG,HTTPS://WWW.BOATOS.ORG/POLITICA/POLICIA-FEDERAL-EXERCITO-COMPROVAM-QUE-ELEICOES-FORAM-FRAUDADAS-NAS-REGIOES-NORTE-NORDESTE.HTML,FALSO,2022-11-03 07:00:00,,"['PolГғВӯcia Federal', 'Departamento de PolГғВӯcia Federal', 'EleiГғВ§ГғВЈo', 'PolГғВӯcia', 'RegiГғВЈo Nordeste do Brasil', 'RegiГғВЈo Norte do Brasil', 'ExГғВ©rcito']"
"POSTS QUE CIRCULAM NAS REDES SOCIAIS MENTEM AO AFIRMAR QUE ""MESГғВҒRIOS BOLSONARISTAS NГғЖ’O VГғЖ’O ENTREGAR AOS ELEITORES OS COMPROVANTES DE VOTAГғвҖЎГғЖ’O E NEM EXIGIR ASSINATURA NO LIVRO DE REGISTRO"" PARA, AO FIM DA APURAГғвҖЎГғЖ’O, ""ALEGAREM QUE HГғВҒ MAIS VOTOS NAS URNAS DO QUE ELEITORES CONFIRMADOS"".",FOLHA - UOL,HTTPS://WWW1.FOLHA.UOL.COM.BR/PODER/2022/10/ELEITORES-COM-BIOMETRIA-CADASTRADA-NAO-PRECISAM-ASSINAR-CADERNO-DE-VOTACAO.SHTML,FALSO,2022-10-02 07:00:00,HTTPS://ENCRYPTED-TBN2.GSTATIC.COM/IMAGES?Q=TBN:AND9GCQ9M6FZ54XVRB5SFP88UF3BMB8UJVWACICXRTPTMLOMJFGTNY5X,"['VotaГғВ§ГғВЈo', 'EleiГғВ§ГғВЈo', 'MesГғВЎrio', 'Urna eleitoral', 'Bolsonarismo', 'Livro', 'Assinatura']"
MODELO BASEADO EM LEI MATEMГғВҒTICA DE BENFORD PROVA FRAUDE EM ELEIГғвҖЎГғвҖўES,UOL NOTГғВҚCIAS,HTTPS://NOTICIAS.UOL.COM.BR/COMPROVA/ULTIMAS-NOTICIAS/2018/10/10/VIDEO-COM-SUSPEITAS-SOBRE-URNAS-CITA-LEI-MATEMATICA-QUE-NAO-PROVA-FRAUDE.HTM,FALSO,2018-10-10 07:00:00,HTTPS://ENCRYPTED-TBN1.GSTATIC.COM/IMAGES?Q=TBN:AND9GCTCGPPVV95SNGMG23OKOL3-M5JNIRVJCPZ6RY1X-THCNEO_ZNBR,"['Fraude', 'EleiГғВ§ГғВЈo', 'MatemГғВЎtica', 'Lei', 'Lei de Benford', 'Modelo']"
HOMEM ENVOLVIDO EM ATENTADO CONTRA TARCГғВҚSIO ESTAVA EM COMГғВҚCIO DE LULA NO RJ,PROJETO COMPROVA,HTTPS://PROJETOCOMPROVA.COM.BR/PUBLICA%C3%A7%C3%B5ES/E-FALSO-QUE-HOMEM-EM-ATO-DE-LULA-TENHA-SIDO-PRESO-POR-TIROTEIO-DURANTE-AGENDA-DE-TARCISIO-EM-SP/,FALSO,2022-10-24 07:00:00,,"['TarcГғВӯsio de Freitas', 'Luiz InГғВЎcio Lula da Silva', 'EleiГғВ§ГғВЈo', 'Homem', 'Rio de Janeiro']"
LULA DISSE QUE VAI CENSURAR PADRES E PASTORES SE FOR ELEITO PRESIDENTE,AOS FATOS,HTTPS://WWW.AOSFATOS.ORG/NOTICIAS/E-FALSO-QUE-LULA-DISSE-QUE-VAI-CENSURAR-PADRES-E-PASTORES-SE-FOR-ELEITO-PRESIDENTE/,FALSO,2022-01-04 08:00:00,HTTPS://ENCRYPTED-TBN3.GSTATIC.COM/IMAGES?Q=TBN:AND9GCRJUBE7KKHAVL5GWGQCREGH1RWEKHVBPRPXCKVYHLOOY9GAFMYE,"['Luiz InГғВЎcio Lula da Silva', 'Presidente', 'EleiГғВ§ГғВЈo', 'Censura', 'Pastor']"
TRE ANULA A ELEIГғвҖЎГғЖ’O DEVIDO A FALHA NO SISTEMA DE APURAГғвҖЎГғЖ’O DOS VOTOS. SERГғВҒ DESIGNADA NOVA DATA PARA A REALIZAГғвҖЎГғЖ’O DO NOVO PLEITO ELEITORAL!,BOATOS.ORG,HTTPS://WWW.BOATOS.ORG/POLITICA/TSE-E-TRE-ANULAM-ELEICOES-EM-DIVERSAS-CIDADES-POR-FALHA-NO-SISTEMA-DE-APURACAO-DE-VOTOS.HTML,FALSO,2020-11-23 08:00:00,HTTPS://ENCRYPTED-TBN1.GSTATIC.COM/IMAGES?Q=TBN:AND9GCRSQCOSDKN_NO0QPUXVY95LK9SDTDQHRIFMATCO04RJX-U83KPY,"['EleiГғВ§ГғВЈo', 'VotaГғВ§ГғВЈo', 'Tribunal Regional Eleitoral', 'Sistema', 'Partido Novo']"
"LULA DISSE NO DEBATE ELEITORAL: ""EU QUINUPLIQUEI O ORГғвҖЎAMENTO DA EDUCAГғвҖЎГғЖ’O""",AFP CHECAMOS,HTTPS://CHECAMOS.AFP.COM/DOC.AFP.COM.32HA9F2,FALSO,2022-08-29 07:00:00,HTTPS://ENCRYPTED-TBN3.GSTATIC.COM/IMAGES?Q=TBN:AND9GCTAZCF_SMVTC3IEYFCNHSVWM-ZWOEZXXNWRWB1N9RUHPHMLH6K7,"['EleiГғВ§ГғВЈo', 'Debate', 'Debate eleitoral', 'Luiz InГғВЎcio Lula da Silva', 'EducaГғВ§ГғВЈo', 'OrГғВ§amento']"
INVASГғЖ’O A UMA LOJA DA HAVAN APГғвҖңS A ELEIГғвҖЎГғЖ’O DE LULA PARA A PRESIDГғЕ NCIA,AFP CHECAMOS,HTTPS://CHECAMOS.AFP.COM/DOC.AFP.COM.32MR3KE,FALSO,2022-11-03 07:00:00,HTTPS://ENCRYPTED-TBN1.GSTATIC.COM/IMAGES?Q=TBN:AND9GCTRFMXIX97IVEBWMNFVHPLBEK5H76EJXTW1Z1LSS8E5GKUBCKA3,"['Havan', 'Havan', 'Luiz InГғВЎcio Lula da Silva', 'EleiГғВ§ГғВЈo', 'Presidente do Brasil', 'Loja']"
"MICHELLE OBAMA SE REGISTROU PARA VOTAR COMO HOMEM EM 1994, DE ACORDO COM O CONSELHO ELEITORAL DO ESTADO DE ILLINOIS",BOATOS.ORG,HTTPS://WWW.BOATOS.ORG/MUNDO/MICHELLE-OBAMA-SE-REGISTROU-COMO-HOMEM-PARA-VOTAR-EM-1994.HTML,FALSO,2023-02-09 08:00:00,HTTPS://ENCRYPTED-TBN1.GSTATIC.COM/IMAGES?Q=TBN:AND9GCRSQCOSDKN_NO0QPUXVY95LK9SDTDQHRIFMATCO04RJX-U83KPY,"['Michelle Obama', 'VotaГғВ§ГғВЈo', 'EleiГғВ§ГғВЈo', '1994', 'Homem']"
Lula Г© o atual presidente do Brasil,Google,https://www.gov.br/pt-br/presidencia,VERDADEIRO,,,"['Brasil','Presidente']"
Bolsonaro foi presidente do Brasil,Google,https://www.gov.br/pt-br/presidencia,VERDADEIRO,,,"['Brasil','Presidente']"
O voto no Brasil Г© feito por urna eletrГҙnica,TSE,https://www.tse.jus.br,VERDADEIRO,,,"['Brasil','EleiГ§ГЈo','Urna eletrГҙnica']"
A capital do Brasil Г© BrasГӯlia,Governo,https://www.gov.br/pt-br,VERDADEIRO,,,"['Brasil','Capital']"
O Tribunal Superior Eleitoral (TSE) e responsavel pela organizacao das eleicoes no Brasil.,TSE,https://www.tse.jus.br,VERDADEIRO,,,
Lula foi eleito presidente do Brasil em outubro de 2022.,Governo Federal,https://www.gov.br/pt-br/presidencia,VERDADEIRO,,,
O voto e obrigatorio para cidadaos alfabetizados entre 18 e 70 anos no Brasil.,TSE,https://www.tse.jus.br/eleitor/justificativa-eleitoral,VERDADEIRO,,,
As urnas eletronicas sao usadas no Brasil desde 1996.,TSE,https://www.tse.jus.br/comunicacao/noticias,VERDADEIRO,,,
Bolsonaro foi presidente do Brasil antes de Lula.,Governo Federal,https://www.gov.br/pt-br/presidencia,VERDADEIRO,,,
O segundo turno das eleicoes no Brasil ocorre em outubro.,TSE,https://www.tse.jus.br/eleicoes/calendario-eleitoral,VERDADEIRO,,,
